Distributor Area,Origin Area,Origin Latitude,Longitude_x,Destination Area,Destination Latitude,Destination Longitude,Volume (CS),Distance (km),Cost/Trip
DC-JKT,CDP-SUL,-3.0,120.0,Tg. Priok,-6.1051,106.887,2195,1493.7486340169646,7078.8172187368045
CDP-BNR,DC-SBY,-7.2,112.7,Denpasar,-8.65,115.2167,2840,320.6485338953572,1661.9701103242578
CDP-KLT,DC-SBY,-7.2,112.7,Palangkaraya,-2.2089,113.9167,361,571.1191726337983,3118.657393461379
DC-JKT,DC-JKT,-6.2,106.8,Semarang,-6.9667,110.4233,3382,409.21110755158253,221.3023596710631
CDP-KLT,DC-SBY,-7.2,112.7,Pontianak,-0.0267,109.33,652,880.8509080107294,4536.048928667218
DC-SBY,DC-MDN,3.6,98.6,Surabaya,-7.2575,112.7521,1814,1980.8953803693546,1019.9382633284307
DC-JKT,CDP-BNR,-8.0,117.0,Bandung,-6.9175,107.6191,1721,1041.2274560842995,5846.53439666199
CDP-SUL,DC-JKT,-6.2,106.8,Palu,-0.8906,119.8829,3778,1566.9061758414766,6872.678141411843
DC-JKT,CDP-SUL,-3.0,120.0,Bandung,-6.9175,107.6191,2632,1438.7742021763645,7311.480089078729
DC-SBY,CDP-KLT,-0.5,115.0,Semarang,-6.9667,110.4233,2447,880.1491632445931,4474.081806294349
DC-SBY,DC-MDN,3.6,98.6,Semarang,-6.9667,110.4233,4680,1761.4031138772393,982.8182110506946
CDP-BNR,CDP-BNR,-8.0,117.0,Mataram,-8.5833,116.1167,2967,116.84593138218402,494.19062319970556
DC-SBY,CDP-KLT,-0.5,115.0,Bandung,-6.9175,107.6191,4643,1085.938309797235,4792.943960580093
DC-SBY,DC-MDN,3.6,98.6,Semarang,-6.9667,110.4233,4505,1761.4031138772393,922.2358137627645
CDP-BNR,CDP-KLT,-0.5,115.0,Mataram,-8.5833,116.1167,771,907.2909384257198,4629.988357018968
CDP-KLT,CDP-KLT,-0.5,115.0,Balikpapan,-1.2653,116.8253,607,220.05821358203067,934.7160906574144
DC-MDN,DC-JKT,-6.2,106.8,Padang,-0.957,100.354,1727,922.641145285623,443.76295767875143
CDP-SUL,DC-JKT,-6.2,106.8,Makassar,-5.1477,119.4327,3896,1402.6513007331262,5468.87550981831
CDP-KLT,DC-MDN,3.6,98.6,Palangkaraya,-2.2089,113.9167,3604,1820.708030061488,6896.13052823725
DC-JKT,CDP-KLT,-0.5,115.0,Bandung,-6.9175,107.6191,2126,1085.938309797235,4130.868510910506
DC-SBY,DC-JKT,-6.2,106.8,Jakarta,-6.2088,106.8456,561,5.134885309594459,2.6937413515896966
DC-JKT,DC-MDN,3.6,98.6,Bandung,-6.9175,107.6191,4887,1539.4159475701797,722.9064500558741
DC-MDN,DC-SBY,-7.2,112.7,Padang,-0.957,100.354,3487,1534.6199680641475,880.8939719727784
CDP-KLT,DC-JKT,-6.2,106.8,Pontianak,-0.0267,109.33,4297,741.6411412678369,4183.933320006833
CDP-SUL,CDP-KLT,-0.5,115.0,Makassar,-5.1477,119.4327,3682,713.6549165253224,3876.8461978341616
DC-SBY,CDP-BNR,-8.0,117.0,Tg. Priok,-6.1051,106.887,4508,1135.6486895447179,4591.806741343659
CDP-BNR,CDP-BNR,-8.0,117.0,Denpasar,-8.65,115.2167,3677,209.09231495917885,1138.04571265016
DC-JKT,CDP-BNR,-8.0,117.0,Jakarta,-6.2088,106.8456,2400,1137.944579317045,4298.958222265042
CDP-KLT,DC-MDN,3.6,98.6,Balikpapan,-1.2653,116.8253,4238,2096.5288073463084,11345.93985496347
DC-JKT,CDP-KLT,-0.5,115.0,Semarang,-6.9667,110.4233,1099,880.1491632445931,3716.4253014172477
DC-JKT,DC-MDN,3.6,98.6,Semarang,-6.9667,110.4233,418,1761.4031138772393,749.4406573120848
DC-SBY,DC-SBY,-7.2,112.7,Semarang,-6.9667,110.4233,4133,252.56074901137438,141.56290525330095
CDP-BNR,DC-SBY,-7.2,112.7,Denpasar,-8.65,115.2167,4747,320.6485338953572,1217.5314986553476
CDP-SUL,DC-SBY,-7.2,112.7,Palu,-0.8906,119.8829,962,1061.2727134521751,4561.531844051836
DC-SBY,DC-MDN,3.6,98.6,Yogyakarta,-7.7956,110.3695,4244,1819.4428648275564,901.4304786431704
DC-MDN,CDP-KLT,-0.5,115.0,Medan,3.5952,98.6722,588,1870.780233321527,8450.920068054105
DC-SBY,DC-JKT,-6.2,106.8,Surabaya,-7.2575,112.7521,2930,667.7064674632145,352.8776770884912
DC-SBY,DC-SBY,-7.2,112.7,Yogyakarta,-7.7956,110.3695,3660,265.3211639754965,128.96622275634354
DC-MDN,DC-JKT,-6.2,106.8,Medan,3.5952,98.6722,2103,1414.4575744927204,724.7273500423152
DC-JKT,CDP-BNR,-8.0,117.0,Jakarta,-6.2088,106.8456,2306,1137.944579317045,4802.190453463879
DC-MDN,DC-JKT,-6.2,106.8,Padang,-0.957,100.354,3367,922.641145285623,523.5885925773464
DC-SBY,CDP-KLT,-0.5,115.0,Bandung,-6.9175,107.6191,3235,1085.938309797235,4209.765555000417
CDP-BNR,DC-SBY,-7.2,112.7,Denpasar,-8.65,115.2167,4258,320.6485338953572,1684.388886195534
DC-SBY,CDP-KLT,-0.5,115.0,Tg. Priok,-6.1051,106.887,2322,1094.9524292688097,5449.040943027486
CDP-BNR,DC-MDN,3.6,98.6,Mataram,-8.5833,116.1167,515,2368.007875564744,10584.916615467
CDP-BNR,DC-MDN,3.6,98.6,Denpasar,-8.65,115.2167,1883,2291.2073540769134,10427.156719026616
DC-SBY,CDP-SUL,-3.0,120.0,Bandung,-6.9175,107.6191,847,1438.7742021763645,6234.289618831763
CDP-KLT,DC-MDN,3.6,98.6,Pontianak,-0.0267,109.33,341,1258.6905574161763,4887.958232134395
DC-JKT,CDP-KLT,-0.5,115.0,Semarang,-6.9667,110.4233,942,880.1491632445931,3845.857877443908
DC-MDN,DC-MDN,3.6,98.6,Palembang,-2.9761,104.7754,4657,1002.8379470237779,453.19500745314815
CDP-SUL,CDP-SUL,-3.0,120.0,Makassar,-5.1477,119.4327,4494,246.9624609490256,1143.770882684881
DC-MDN,CDP-KLT,-0.5,115.0,Pekanbaru,0.5061,101.4477,2853,1511.0746102178837,6184.13426441235
CDP-BNR,DC-SBY,-7.2,112.7,Denpasar,-8.65,115.2167,599,320.6485338953572,1583.3127953554585
DC-MDN,DC-SBY,-7.2,112.7,Medan,3.5952,98.6722,3907,1965.7793229313918,1173.8738397977759
DC-JKT,CDP-KLT,-0.5,115.0,Surabaya,-7.2575,112.7521,4905,791.6565186249713,4099.632547145092
DC-MDN,CDP-KLT,-0.5,115.0,Padang,-0.957,100.354,4062,1629.2168947507525,6830.465560548158
CDP-KLT,DC-MDN,3.6,98.6,Palangkaraya,-2.2089,113.9167,2095,1820.708030061488,8053.2435566148915
CDP-SUL,DC-JKT,-6.2,106.8,Kendari,-3.9888,122.5159,1563,1757.7524542612707,8286.750342210305
DC-MDN,CDP-BNR,-8.0,117.0,Pekanbaru,0.5061,101.4477,3676,1966.4208305163588,9363.409641691693
DC-SBY,CDP-KLT,-0.5,115.0,Bandung,-6.9175,107.6191,2130,1085.938309797235,5324.503742993924
DC-MDN,DC-SBY,-7.2,112.7,Pekanbaru,0.5061,101.4477,4934,1513.9381482957867,780.2196320550398
DC-MDN,CDP-SUL,-3.0,120.0,Pekanbaru,0.5061,101.4477,1523,2098.6357808943453,10099.481845280654
CDP-BNR,DC-MDN,3.6,98.6,Mataram,-8.5833,116.1167,557,2368.007875564744,13147.59645426738
CDP-KLT,CDP-BNR,-8.0,117.0,Pontianak,-0.0267,109.33,4014,1228.278121253845,4712.202525184458
CDP-BNR,CDP-KLT,-0.5,115.0,Mataram,-8.5833,116.1167,1142,907.2909384257198,3799.4450762418114
CDP-BNR,DC-MDN,3.6,98.6,Mataram,-8.5833,116.1167,3331,2368.007875564744,9364.177005172323
CDP-KLT,CDP-BNR,-8.0,117.0,Pontianak,-0.0267,109.33,1479,1228.278121253845,5492.450126214517
DC-JKT,DC-SBY,-7.2,112.7,Bandung,-6.9175,107.6191,2114,561.564094988836,254.28533647092914
DC-SBY,CDP-SUL,-3.0,120.0,Yogyakarta,-7.7956,110.3695,3429,1191.740520183319,6524.683667250407
DC-SBY,CDP-BNR,-8.0,117.0,Bandung,-6.9175,107.6191,1723,1041.2274560842995,4709.268694868385
DC-MDN,CDP-SUL,-3.0,120.0,Pekanbaru,0.5061,101.4477,1170,2098.6357808943453,9811.045036571622
DC-MDN,CDP-SUL,-3.0,120.0,Pekanbaru,0.5061,101.4477,1390,2098.6357808943453,8893.049770294847
CDP-BNR,CDP-SUL,-3.0,120.0,Denpasar,-8.65,115.2167,1493,821.246046717488,3384.7770584621144
DC-MDN,DC-JKT,-6.2,106.8,Padang,-0.957,100.354,3950,922.641145285623,369.8048079069052
CDP-SUL,DC-SBY,-7.2,112.7,Manado,1.4748,124.8421,1040,1656.8801493645076,8526.349337063426
DC-SBY,DC-SBY,-7.2,112.7,Yogyakarta,-7.7956,110.3695,4136,265.3211639754965,122.96976522061591
CDP-KLT,CDP-SUL,-3.0,120.0,Pontianak,-0.0267,109.33,4534,1231.1250715639362,5544.095364476035
CDP-SUL,CDP-SUL,-3.0,120.0,Manado,1.4748,124.8421,1319,732.9904053579337,3053.3360255377847
DC-SBY,CDP-KLT,-0.5,115.0,Bandung,-6.9175,107.6191,4242,1085.938309797235,5918.084617029961
CDP-SUL,DC-SBY,-7.2,112.7,Kendari,-3.9888,122.5159,3654,1143.3092574038453,6078.44619293033
DC-SBY,DC-SBY,-7.2,112.7,Bandung,-6.9175,107.6191,2282,561.564094988836,239.8067133183354
CDP-BNR,CDP-SUL,-3.0,120.0,Mataram,-8.5833,116.1167,1877,754.8772804835337,2922.910343336017
DC-MDN,DC-JKT,-6.2,106.8,Pekanbaru,0.5061,101.4477,2304,953.3970850890278,517.8692584669224
DC-JKT,CDP-BNR,-8.0,117.0,Jakarta,-6.2088,106.8456,2998,1137.944579317045,5339.761069824195
DC-MDN,DC-MDN,3.6,98.6,Palembang,-2.9761,104.7754,552,1002.8379470237779,422.84215644584134
CDP-BNR,DC-JKT,-6.2,106.8,Denpasar,-8.65,115.2167,913,967.121316350991,4991.238412774837
DC-SBY,CDP-BNR,-8.0,117.0,Tg. Priok,-6.1051,106.887,2953,1135.6486895447179,5874.103166627769
CDP-KLT,DC-JKT,-6.2,106.8,Pontianak,-0.0267,109.33,2844,741.6411412678369,3945.0685645950853
CDP-KLT,CDP-SUL,-3.0,120.0,Palangkaraya,-2.2089,113.9167,1439,681.4289943217439,2976.727112319429
CDP-SUL,DC-MDN,3.6,98.6,Palu,-0.8906,119.8829,1849,2417.405593684529,12557.739080115447
DC-MDN,CDP-SUL,-3.0,120.0,Pekanbaru,0.5061,101.4477,3476,2098.6357808943453,9706.993661488725
CDP-BNR,DC-MDN,3.6,98.6,Mataram,-8.5833,116.1167,2410,2368.007875564744,11295.25902271936
DC-JKT,DC-JKT,-6.2,106.8,Jakarta,-6.2088,106.8456,1801,5.134885309594459,2.240847643605201
CDP-BNR,DC-SBY,-7.2,112.7,Mataram,-8.5833,116.1167,4699,406.5332407074668,1603.7755456074322
CDP-BNR,DC-JKT,-6.2,106.8,Denpasar,-8.65,115.2167,2809,967.121316350991,4382.432450198963
CDP-KLT,CDP-KLT,-0.5,115.0,Balikpapan,-1.2653,116.8253,1873,220.05821358203067,957.9704797836414
CDP-BNR,CDP-BNR,-8.0,117.0,Mataram,-8.5833,116.1167,3554,116.84593138218402,443.7724226846201
DC-MDN,DC-SBY,-7.2,112.7,Palembang,-2.9761,104.7754,4097,995.2846421825932,474.7622286533405
DC-JKT,CDP-SUL,-3.0,120.0,Surabaya,-7.2575,112.7521,2502,931.7407518996073,4417.400964651802
DC-SBY,CDP-SUL,-3.0,120.0,Bandung,-6.9175,107.6191,406,1438.7742021763645,8028.277124492943
CDP-SUL,DC-SBY,-7.2,112.7,Palu,-0.8906,119.8829,877,1061.2727134521751,5463.738470872584
DC-SBY,DC-SBY,-7.2,112.7,Jakarta,-6.2088,106.8456,2008,655.8431676337594,303.12628595017844
CDP-SUL,DC-MDN,3.6,98.6,Kendari,-3.9888,122.5159,4931,2788.1218414522277,15476.234926702782
DC-JKT,CDP-SUL,-3.0,120.0,Semarang,-6.9667,110.4233,3290,1148.6873892125689,5088.014290680411
DC-JKT,DC-JKT,-6.2,106.8,Yogyakarta,-7.7956,110.3695,113,432.0497972825557,205.12155293539465
DC-MDN,DC-MDN,3.6,98.6,Padang,-0.957,100.354,2775,542.9171842203448,297.207166031474
DC-SBY,DC-JKT,-6.2,106.8,Tg. Priok,-6.1051,106.887,3432,14.278080413040605,7.079123219182697
CDP-KLT,CDP-BNR,-8.0,117.0,Balikpapan,-1.2653,116.8253,2579,749.1144479667884,3535.8264380675796
CDP-KLT,CDP-SUL,-3.0,120.0,Balikpapan,-1.2653,116.8253,3707,402.0457254447599,2267.3703956342356
CDP-KLT,DC-MDN,3.6,98.6,Balikpapan,-1.2653,116.8253,4652,2096.5288073463084,10665.981616088551
CDP-SUL,CDP-SUL,-3.0,120.0,Kendari,-3.9888,122.5159,4323,300.0986279216074,1653.2217545693834
CDP-SUL,DC-MDN,3.6,98.6,Palu,-0.8906,119.8829,4791,2417.405593684529,11562.945409806818
CDP-SUL,DC-MDN,3.6,98.6,Manado,1.4748,124.8421,2825,2924.4708843176863,12704.939329439021
CDP-SUL,CDP-KLT,-0.5,115.0,Makassar,-5.1477,119.4327,4875,713.6549165253224,2716.41763164924
DC-JKT,DC-SBY,-7.2,112.7,Surabaya,-7.2575,112.7521,4644,8.5970875706038,4.327556101800605
CDP-KLT,DC-MDN,3.6,98.6,Pontianak,-0.0267,109.33,4471,1258.6905574161763,5967.94082136832
DC-MDN,DC-SBY,-7.2,112.7,Palembang,-2.9761,104.7754,2574,995.2846421825932,524.0924064687188
CDP-SUL,DC-JKT,-6.2,106.8,Makassar,-5.1477,119.4327,2854,1402.6513007331262,6059.811555979077
DC-JKT,CDP-KLT,-0.5,115.0,Semarang,-6.9667,110.4233,3424,880.1491632445931,4459.201152096331
CDP-BNR,DC-SBY,-7.2,112.7,Mataram,-8.5833,116.1167,4606,406.5332407074668,1788.7971200362308
DC-SBY,DC-SBY,-7.2,112.7,Semarang,-6.9667,110.4233,3974,252.56074901137438,140.88091449023844
CDP-BNR,DC-JKT,-6.2,106.8,Mataram,-8.5833,116.1167,2768,1060.8969766122175,4502.262018826383
DC-MDN,CDP-BNR,-8.0,117.0,Medan,3.5952,98.6722,267,2407.322557213567,11448.618982291
DC-SBY,CDP-SUL,-3.0,120.0,Semarang,-6.9667,110.4233,3512,1148.6873892125689,4914.926931526561
CDP-BNR,DC-SBY,-7.2,112.7,Mataram,-8.5833,116.1167,3379,406.5332407074668,1662.3160599604184
DC-JKT,DC-MDN,3.6,98.6,Yogyakarta,-7.7956,110.3695,4157,1819.4428648275564,771.0705328235855
CDP-SUL,CDP-BNR,-8.0,117.0,Manado,1.4748,124.8421,4569,1366.0680166569687,5939.09259076387
CDP-SUL,CDP-BNR,-8.0,117.0,Manado,1.4748,124.8421,4437,1366.0680166569687,7277.966534429618
DC-SBY,DC-MDN,3.6,98.6,Semarang,-6.9667,110.4233,371,1761.4031138772393,847.5612852072018
DC-MDN,DC-JKT,-6.2,106.8,Palembang,-2.9761,104.7754,3217,422.90941316625606,171.08122934570093
DC-JKT,DC-SBY,-7.2,112.7,Semarang,-6.9667,110.4233,993,252.56074901137438,121.28359690290762
CDP-KLT,DC-JKT,-6.2,106.8,Balikpapan,-1.2653,116.8253,2562,1240.0510971490385,4981.782425295932
DC-SBY,CDP-SUL,-3.0,120.0,Semarang,-6.9667,110.4233,1214,1148.6873892125689,5907.043754488769
CDP-SUL,CDP-KLT,-0.5,115.0,Manado,1.4748,124.8421,1369,1116.1120891327735,6255.394531499241
DC-MDN,DC-JKT,-6.2,106.8,Palembang,-2.9761,104.7754,1683,422.90941316625606,215.4494784000489
DC-JKT,DC-SBY,-7.2,112.7,Bandung,-6.9175,107.6191,2813,561.564094988836,292.5322706939871
DC-JKT,DC-SBY,-7.2,112.7,Semarang,-6.9667,110.4233,2424,252.56074901137438,105.60409899322552
DC-JKT,DC-MDN,3.6,98.6,Yogyakarta,-7.7956,110.3695,2229,1819.4428648275564,1051.0260376192434
CDP-BNR,CDP-SUL,-3.0,120.0,Mataram,-8.5833,116.1167,2603,754.8772804835337,3029.2552901847994
DC-JKT,DC-MDN,3.6,98.6,Yogyakarta,-7.7956,110.3695,3155,1819.4428648275564,858.9427216528811
DC-MDN,DC-JKT,-6.2,106.8,Palembang,-2.9761,104.7754,711,422.90941316625606,176.9555869449906
DC-JKT,DC-JKT,-6.2,106.8,Surabaya,-7.2575,112.7521,3342,667.7064674632145,289.35168991359706
DC-MDN,CDP-BNR,-8.0,117.0,Medan,3.5952,98.6722,1401,2407.322557213567,13113.137834698424
DC-SBY,DC-SBY,-7.2,112.7,Surabaya,-7.2575,112.7521,4557,8.5970875706038,4.559272942697295
DC-MDN,CDP-BNR,-8.0,117.0,Pekanbaru,0.5061,101.4477,2138,1966.4208305163588,8550.194470530898
CDP-KLT,CDP-BNR,-8.0,117.0,Pontianak,-0.0267,109.33,3117,1228.278121253845,5611.793980060035
DC-MDN,DC-JKT,-6.2,106.8,Palembang,-2.9761,104.7754,4949,422.90941316625606,213.96710513578992
CDP-BNR,DC-SBY,-7.2,112.7,Denpasar,-8.65,115.2167,2247,320.6485338953572,1626.810940781391
CDP-SUL,CDP-KLT,-0.5,115.0,Kendari,-3.9888,122.5159,426,920.6792554302883,3698.578655700864
CDP-BNR,DC-JKT,-6.2,106.8,Mataram,-8.5833,116.1167,497,1060.8969766122175,4696.164556499217
DC-SBY,CDP-BNR,-8.0,117.0,Bandung,-6.9175,107.6191,1418,1041.2274560842995,4318.890617833737
DC-SBY,CDP-BNR,-8.0,117.0,Tg. Priok,-6.1051,106.887,3013,1135.6486895447179,6076.20615108229
CDP-BNR,CDP-KLT,-0.5,115.0,Denpasar,-8.65,115.2167,4562,906.5563541022262,4065.4678849000184
DC-MDN,DC-SBY,-7.2,112.7,Medan,3.5952,98.6722,1686,1965.7793229313918,923.3550056403502
CDP-BNR,CDP-BNR,-8.0,117.0,Denpasar,-8.65,115.2167,1264,209.09231495917885,1144.02510037386
DC-MDN,CDP-SUL,-3.0,120.0,Padang,-0.957,100.354,1298,2194.891776122058,9599.20077805931
DC-MDN,DC-MDN,3.6,98.6,Pekanbaru,0.5061,101.4477,3451,467.4054225189695,246.97847224679572
CDP-SUL,CDP-SUL,-3.0,120.0,Manado,1.4748,124.8421,1363,732.9904053579337,3395.9659970586604
DC-SBY,DC-JKT,-6.2,106.8,Tg. Priok,-6.1051,106.887,457,14.278080413040605,7.723680179569261
DC-SBY,CDP-SUL,-3.0,120.0,Surabaya,-7.2575,112.7521,4672,931.7407518996073,4933.863318494876
CDP-KLT,CDP-KLT,-0.5,115.0,Palangkaraya,-2.2089,113.9167,1260,224.96399863478132,1249.8098102171928
CDP-BNR,CDP-KLT,-0.5,115.0,Mataram,-8.5833,116.1167,936,907.2909384257198,4922.26560383182
DC-JKT,CDP-KLT,-0.5,115.0,Semarang,-6.9667,110.4233,1356,880.1491632445931,4596.515422620269
DC-SBY,CDP-SUL,-3.0,120.0,Tg. Priok,-6.1051,106.887,2637,1493.7486340169646,7041.591111180056
CDP-SUL,DC-SBY,-7.2,112.7,Kendari,-3.9888,122.5159,1712,1143.3092574038453,6071.527533868499
CDP-BNR,DC-SBY,-7.2,112.7,Denpasar,-8.65,115.2167,2256,320.6485338953572,1752.8838594475267
DC-SBY,CDP-BNR,-8.0,117.0,Jakarta,-6.2088,106.8456,1808,1137.944579317045,5243.6505126805105
DC-MDN,CDP-BNR,-8.0,117.0,Padang,-0.957,100.354,727,2003.478316081565,7679.889625128242
CDP-SUL,DC-SBY,-7.2,112.7,Makassar,-5.1477,119.4327,986,778.4546025667233,4378.956249549162
DC-JKT,DC-SBY,-7.2,112.7,Bandung,-6.9175,107.6191,2349,561.564094988836,297.6162774381967
CDP-BNR,CDP-BNR,-8.0,117.0,Denpasar,-8.65,115.2167,4393,209.09231495917885,1144.2617522038813
DC-MDN,CDP-KLT,-0.5,115.0,Palembang,-2.9761,104.7754,4265,1169.191156381192,5716.25960746751
CDP-SUL,CDP-SUL,-3.0,120.0,Kendari,-3.9888,122.5159,1291,300.0986279216074,1503.9018457849863
CDP-BNR,DC-MDN,3.6,98.6,Mataram,-8.5833,116.1167,4917,2368.007875564744,12864.475073711741
DC-MDN,DC-SBY,-7.2,112.7,Palembang,-2.9761,104.7754,3657,995.2846421825932,556.8717691807243
DC-MDN,DC-JKT,-6.2,106.8,Medan,3.5952,98.6722,1142,1414.4575744927204,646.1524384584525
DC-JKT,CDP-BNR,-8.0,117.0,Tg. Priok,-6.1051,106.887,3001,1135.6486895447179,5234.857235722274
CDP-BNR,CDP-KLT,-0.5,115.0,Denpasar,-8.65,115.2167,2679,906.5563541022262,3735.5623617628203
CDP-BNR,DC-JKT,-6.2,106.8,Denpasar,-8.65,115.2167,2845,967.121316350991,4883.4771520132845
DC-JKT,DC-MDN,3.6,98.6,Jakarta,-6.2088,106.8456,4591,1423.9934096390716,789.3548655390645
CDP-BNR,DC-JKT,-6.2,106.8,Mataram,-8.5833,116.1167,1243,1060.8969766122175,4308.44218754511
CDP-KLT,CDP-SUL,-3.0,120.0,Balikpapan,-1.2653,116.8253,361,402.0457254447599,2219.3620115386525
DC-SBY,DC-MDN,3.6,98.6,Semarang,-6.9667,110.4233,3308,1761.4031138772393,795.696264995253
CDP-BNR,CDP-BNR,-8.0,117.0,Mataram,-8.5833,116.1167,2008,116.84593138218402,592.0068821549365
CDP-SUL,DC-MDN,3.6,98.6,Manado,1.4748,124.8421,3469,2924.4708843176863,13087.483636198038
CDP-SUL,CDP-BNR,-8.0,117.0,Makassar,-5.1477,119.4327,4865,415.67890886515187,2022.0924327981181
CDP-SUL,DC-MDN,3.6,98.6,Palu,-0.8906,119.8829,3711,2417.405593684529,12325.325703266757
CDP-SUL,DC-JKT,-6.2,106.8,Kendari,-3.9888,122.5159,3485,1757.7524542612707,7976.860564891575
DC-MDN,CDP-SUL,-3.0,120.0,Medan,3.5952,98.6722,348,2481.0569613731654,11671.899575776704
CDP-BNR,DC-MDN,3.6,98.6,Mataram,-8.5833,116.1167,3379,2368.007875564744,12674.71001852859
DC-SBY,DC-SBY,-7.2,112.7,Surabaya,-7.2575,112.7521,817,8.5970875706038,4.328543769839885
CDP-SUL,CDP-KLT,-0.5,115.0,Makassar,-5.1477,119.4327,3360,713.6549165253224,3427.36141173334
DC-SBY,CDP-BNR,-8.0,117.0,Surabaya,-7.2575,112.7521,2014,475.3832810622896,2678.068889349708
DC-SBY,DC-MDN,3.6,98.6,Yogyakarta,-7.7956,110.3695,3656,1819.4428648275564,730.1699502873074
DC-JKT,DC-MDN,3.6,98.6,Jakarta,-6.2088,106.8456,1461,1423.9934096390716,661.575790087136
DC-MDN,CDP-SUL,-3.0,120.0,Palembang,-2.9761,104.7754,899,1690.5851298239772,9218.411524684083
DC-SBY,CDP-KLT,-0.5,115.0,Jakarta,-6.2088,106.8456,4393,1105.2640612494788,5365.591220214749
DC-MDN,CDP-SUL,-3.0,120.0,Pekanbaru,0.5061,101.4477,2617,2098.6357808943453,11296.308069065899
CDP-BNR,DC-SBY,-7.2,112.7,Denpasar,-8.65,115.2167,3129,320.6485338953572,1698.9520021379938
DC-SBY,DC-MDN,3.6,98.6,Surabaya,-7.2575,112.7521,1450,1980.8953803693546,868.8317294739978
CDP-KLT,CDP-BNR,-8.0,117.0,Balikpapan,-1.2653,116.8253,3619,749.1144479667884,2939.0637498799388
CDP-BNR,CDP-BNR,-8.0,117.0,Mataram,-8.5833,116.1167,2814,116.84593138218402,536.2794942083799
DC-MDN,CDP-BNR,-8.0,117.0,Palembang,-2.9761,104.7754,1116,1463.4316150976615,7116.70589343421
DC-SBY,CDP-SUL,-3.0,120.0,Bandung,-6.9175,107.6191,380,1438.7742021763645,6728.0274286480835
CDP-SUL,DC-JKT,-6.2,106.8,Manado,1.4748,124.8421,1801,2177.186441526046,10612.79551235496
CDP-BNR,CDP-KLT,-0.5,115.0,Denpasar,-8.65,115.2167,460,906.5563541022262,3506.392624383036
CDP-KLT,DC-JKT,-6.2,106.8,Pontianak,-0.0267,109.33,3029,741.6411412678369,3213.443722931311
CDP-KLT,DC-SBY,-7.2,112.7,Palangkaraya,-2.2089,113.9167,3881,571.1191726337983,2276.118929158172
DC-JKT,CDP-BNR,-8.0,117.0,Semarang,-6.9667,110.4233,4040,734.0973457642056,3057.9307426619866
DC-MDN,DC-SBY,-7.2,112.7,Palembang,-2.9761,104.7754,3816,995.2846421825932,405.23917682132475
DC-MDN,DC-SBY,-7.2,112.7,Pekanbaru,0.5061,101.4477,151,1513.9381482957867,678.268845140072
CDP-SUL,CDP-BNR,-8.0,117.0,Kendari,-3.9888,122.5159,1359,755.5538597593122,2948.2924670161615
DC-SBY,DC-SBY,-7.2,112.7,Jakarta,-6.2088,106.8456,977,655.8431676337594,372.3411984382661
CDP-BNR,CDP-BNR,-8.0,117.0,Mataram,-8.5833,116.1167,2921,116.84593138218402,520.5154953991743
CDP-SUL,DC-MDN,3.6,98.6,Kendari,-3.9888,122.5159,2764,2788.1218414522277,15719.842930141853
DC-MDN,CDP-BNR,-8.0,117.0,Padang,-0.957,100.354,2086,2003.478316081565,10600.193762476076
DC-JKT,DC-MDN,3.6,98.6,Yogyakarta,-7.7956,110.3695,550,1819.4428648275564,1063.5482734946545
DC-SBY,DC-SBY,-7.2,112.7,Semarang,-6.9667,110.4233,3609,252.56074901137438,114.50079105491385
CDP-SUL,DC-MDN,3.6,98.6,Makassar,-5.1477,119.4327,4790,2510.1452364227553,11337.374129868758
CDP-KLT,CDP-KLT,-0.5,115.0,Palangkaraya,-2.2089,113.9167,2027,224.96399863478132,885.7610043060655
DC-SBY,DC-SBY,-7.2,112.7,Jakarta,-6.2088,106.8456,1383,655.8431676337594,268.60420167749044
CDP-KLT,DC-MDN,3.6,98.6,Balikpapan,-1.2653,116.8253,4103,2096.5288073463084,10570.679210158294
CDP-BNR,CDP-BNR,-8.0,117.0,Denpasar,-8.65,115.2167,934,209.09231495917885,1088.5544284592143
CDP-KLT,DC-SBY,-7.2,112.7,Palangkaraya,-2.2089,113.9167,3781,571.1191726337983,2268.8111414152745
DC-JKT,DC-SBY,-7.2,112.7,Surabaya,-7.2575,112.7521,2042,8.5970875706038,4.119887326290315
CDP-SUL,DC-JKT,-6.2,106.8,Manado,1.4748,124.8421,4469,2177.186441526046,9113.051752594809
DC-MDN,CDP-KLT,-0.5,115.0,Palembang,-2.9761,104.7754,3372,1169.191156381192,4521.950598982975
CDP-SUL,DC-SBY,-7.2,112.7,Makassar,-5.1477,119.4327,2321,778.4546025667233,3304.843676532843
CDP-KLT,CDP-BNR,-8.0,117.0,Pontianak,-0.0267,109.33,1661,1228.278121253845,5599.916300930164
CDP-SUL,CDP-KLT,-0.5,115.0,Palu,-0.8906,119.8829,4588,544.6471804576853,2773.233071107448
DC-MDN,CDP-SUL,-3.0,120.0,Palembang,-2.9761,104.7754,2988,1690.5851298239772,6456.082277750817
CDP-BNR,CDP-KLT,-0.5,115.0,Mataram,-8.5833,116.1167,1110,907.2909384257198,4070.5926050842745
CDP-SUL,CDP-SUL,-3.0,120.0,Palu,-0.8906,119.8829,1417,234.91526160969528,1189.85962917779
DC-JKT,DC-JKT,-6.2,106.8,Tg. Priok,-6.1051,106.887,829,14.278080413040605,7.453558982833484
CDP-KLT,CDP-BNR,-8.0,117.0,Palangkaraya,-2.2089,113.9167,676,728.8153688487107,3763.6490027816376
DC-MDN,CDP-BNR,-8.0,117.0,Padang,-0.957,100.354,1593,2003.478316081565,8697.829939939644
DC-JKT,CDP-BNR,-8.0,117.0,Semarang,-6.9667,110.4233,1534,734.0973457642056,3875.3365075285024
DC-MDN,CDP-KLT,-0.5,115.0,Padang,-0.957,100.354,295,1629.2168947507525,8422.580673851935
CDP-SUL,DC-JKT,-6.2,106.8,Palu,-0.8906,119.8829,125,1566.9061758414766,5933.706484375003
DC-MDN,DC-SBY,-7.2,112.7,Padang,-0.957,100.354,4897,1534.6199680641475,802.0429922736568
CDP-KLT,CDP-SUL,-3.0,120.0,Pontianak,-0.0267,109.33,4580,1231.1250715639362,5742.112261381495
DC-MDN,CDP-KLT,-0.5,115.0,Palembang,-2.9761,104.7754,4213,1169.191156381192,6399.362088044178
CDP-BNR,CDP-SUL,-3.0,120.0,Denpasar,-8.65,115.2167,1666,821.246046717488,4494.4756746079265
DC-JKT,CDP-BNR,-8.0,117.0,Yogyakarta,-7.7956,110.3695,1695,730.6301718512826,2930.249829859916
CDP-SUL,DC-MDN,3.6,98.6,Makassar,-5.1477,119.4327,1015,2510.1452364227553,12241.26563683986
CDP-BNR,CDP-SUL,-3.0,120.0,Mataram,-8.5833,116.1167,1042,754.8772804835337,3759.193554719194
CDP-BNR,CDP-SUL,-3.0,120.0,Mataram,-8.5833,116.1167,3359,754.8772804835337,3420.336292498165
CDP-KLT,CDP-BNR,-8.0,117.0,Palangkaraya,-2.2089,113.9167,3986,728.8153688487107,2795.001152238813
CDP-KLT,CDP-BNR,-8.0,117.0,Pontianak,-0.0267,109.33,3311,1228.278121253845,6873.5620179966245
CDP-BNR,CDP-KLT,-0.5,115.0,Denpasar,-8.65,115.2167,4525,906.5563541022262,4592.754421739933
DC-JKT,CDP-KLT,-0.5,115.0,Yogyakarta,-7.7956,110.3695,1581,959.9271387718734,5226.944247902061
CDP-SUL,CDP-BNR,-8.0,117.0,Kendari,-3.9888,122.5159,4491,755.5538597593122,3493.0905050462775
DC-MDN,CDP-BNR,-8.0,117.0,Palembang,-2.9761,104.7754,4816,1463.4316150976615,5896.894639413388
DC-SBY,DC-JKT,-6.2,106.8,Jakarta,-6.2088,106.8456,281,5.134885309594459,2.2084298739989876
CDP-KLT,CDP-SUL,-3.0,120.0,Palangkaraya,-2.2089,113.9167,3818,681.4289943217439,2909.21841041402
CDP-SUL,CDP-BNR,-8.0,117.0,Kendari,-3.9888,122.5159,4835,755.5538597593122,3618.724803583437
CDP-SUL,DC-SBY,-7.2,112.7,Palu,-0.8906,119.8829,419,1061.2727134521751,4455.549409171311
DC-SBY,DC-JKT,-6.2,106.8,Tg. Priok,-6.1051,106.887,205,14.278080413040605,7.219988707778691
CDP-KLT,CDP-KLT,-0.5,115.0,Pontianak,-0.0267,109.33,355,632.6595614416826,3309.307999287108
CDP-KLT,DC-MDN,3.6,98.6,Balikpapan,-1.2653,116.8253,772,2096.5288073463084,8634.140115035723
CDP-KLT,CDP-SUL,-3.0,120.0,Pontianak,-0.0267,109.33,1946,1231.1250715639362,5923.55810335775
DC-MDN,CDP-KLT,-0.5,115.0,Pekanbaru,0.5061,101.4477,3000,1511.0746102178837,6406.558378954832
CDP-SUL,CDP-KLT,-0.5,115.0,Makassar,-5.1477,119.4327,1259,713.6549165253224,3937.3314880819216
DC-JKT,DC-SBY,-7.2,112.7,Semarang,-6.9667,110.4233,922,252.56074901137438,127.57758489771882
DC-JKT,DC-MDN,3.6,98.6,Yogyakarta,-7.7956,110.3695,1112,1819.4428648275564,821.504146511427
DC-MDN,CDP-KLT,-0.5,115.0,Pekanbaru,0.5061,101.4477,3926,1511.0746102178837,6488.948688378423
DC-MDN,CDP-SUL,-3.0,120.0,Palembang,-2.9761,104.7754,195,1690.5851298239772,9090.070072186805
DC-MDN,DC-JKT,-6.2,106.8,Palembang,-2.9761,104.7754,3663,422.90941316625606,217.01852888231605
CDP-BNR,CDP-SUL,-3.0,120.0,Denpasar,-8.65,115.2167,936,821.246046717488,4104.27890017023
CDP-BNR,DC-MDN,3.6,98.6,Mataram,-8.5833,116.1167,1295,2368.007875564744,10089.073763205168
DC-MDN,DC-SBY,-7.2,112.7,Pekanbaru,0.5061,101.4477,4657,1513.9381482957867,761.5469283007637
CDP-SUL,CDP-SUL,-3.0,120.0,Manado,1.4748,124.8421,3188,732.9904053579337,3989.3971391710043
DC-JKT,DC-JKT,-6.2,106.8,Yogyakarta,-7.7956,110.3695,2539,432.0497972825557,217.27331652571897
DC-SBY,CDP-KLT,-0.5,115.0,Jakarta,-6.2088,106.8456,2211,1105.2640612494788,4318.371863958037
CDP-BNR,DC-MDN,3.6,98.6,Denpasar,-8.65,115.2167,3424,2291.2073540769134,12278.217608503483
CDP-BNR,DC-MDN,3.6,98.6,Mataram,-8.5833,116.1167,1085,2368.007875564744,10014.704778991163
CDP-BNR,DC-JKT,-6.2,106.8,Mataram,-8.5833,116.1167,3547,1060.8969766122175,5066.832407422752
DC-MDN,DC-MDN,3.6,98.6,Palembang,-2.9761,104.7754,1400,1002.8379470237779,483.7990717207972
DC-MDN,DC-SBY,-7.2,112.7,Medan,3.5952,98.6722,3249,1965.7793229313918,858.8039102579223
DC-SBY,DC-MDN,3.6,98.6,Jakarta,-6.2088,106.8456,2498,1423.9934096390716,721.0158818233721
DC-SBY,CDP-SUL,-3.0,120.0,Bandung,-6.9175,107.6191,305,1438.7742021763645,6509.089846980554
DC-JKT,DC-JKT,-6.2,106.8,Semarang,-6.9667,110.4233,2403,409.21110755158253,234.24292636273972
DC-SBY,DC-MDN,3.6,98.6,Tg. Priok,-6.1051,106.887,683,1418.1864383984378,605.3859348828175
DC-JKT,CDP-SUL,-3.0,120.0,Yogyakarta,-7.7956,110.3695,3519,1191.740520183319,6443.041915068285
DC-MDN,CDP-KLT,-0.5,115.0,Palembang,-2.9761,104.7754,3555,1169.191156381192,5866.287109642036
CDP-BNR,CDP-KLT,-0.5,115.0,Mataram,-8.5833,116.1167,808,907.2909384257198,3534.661227685436
DC-JKT,DC-SBY,-7.2,112.7,Semarang,-6.9667,110.4233,3526,252.56074901137438,146.53350597988458
CDP-BNR,CDP-BNR,-8.0,117.0,Denpasar,-8.65,115.2167,338,209.09231495917885,1058.1868011623403
CDP-KLT,DC-JKT,-6.2,106.8,Palangkaraya,-2.2089,113.9167,786,905.2865376161213,3593.669874157257
DC-MDN,DC-JKT,-6.2,106.8,Palembang,-2.9761,104.7754,3449,422.90941316625606,199.77543651367682
CDP-KLT,DC-MDN,3.6,98.6,Balikpapan,-1.2653,116.8253,3087,2096.5288073463084,9174.372558442677
DC-MDN,DC-MDN,3.6,98.6,Pekanbaru,0.5061,101.4477,1008,467.4054225189695,250.60375020535844
CDP-KLT,CDP-SUL,-3.0,120.0,Balikpapan,-1.2653,116.8253,3435,402.0457254447599,1644.3611916164243
CDP-BNR,CDP-SUL,-3.0,120.0,Mataram,-8.5833,116.1167,2415,754.8772804835337,3424.5210326365946
DC-MDN,DC-MDN,3.6,98.6,Padang,-0.957,100.354,4303,542.9171842203448,232.0184028176405
DC-MDN,DC-MDN,3.6,98.6,Medan,3.5952,98.6722,1028,8.030210103947999,4.143844763695458
DC-JKT,DC-SBY,-7.2,112.7,Tg. Priok,-6.1051,106.887,2611,653.4519393604972,358.79948114410496
CDP-KLT,CDP-BNR,-8.0,117.0,Palangkaraya,-2.2089,113.9167,1959,728.8153688487107,3257.889976395184
CDP-SUL,CDP-SUL,-3.0,120.0,Palu,-0.8906,119.8829,1013,234.91526160969528,1001.8595959894016
CDP-KLT,DC-MDN,3.6,98.6,Pontianak,-0.0267,109.33,3512,1258.6905574161763,6129.448826460836
DC-JKT,DC-JKT,-6.2,106.8,Surabaya,-7.2575,112.7521,974,667.7064674632145,270.21153968157
CDP-KLT,CDP-SUL,-3.0,120.0,Pontianak,-0.0267,109.33,1357,1231.1250715639362,5002.1357694536655
CDP-BNR,DC-MDN,3.6,98.6,Denpasar,-8.65,115.2167,3799,2291.2073540769134,11551.162153681555
CDP-SUL,CDP-BNR,-8.0,117.0,Makassar,-5.1477,119.4327,4378,415.67890886515187,2069.367724240714
CDP-SUL,DC-SBY,-7.2,112.7,Makassar,-5.1477,119.4327,3750,778.4546025667233,4297.6997820112665
CDP-SUL,CDP-SUL,-3.0,120.0,Makassar,-5.1477,119.4327,1761,246.9624609490256,1158.6337721928392
CDP-SUL,DC-MDN,3.6,98.6,Palu,-0.8906,119.8829,2049,2417.405593684529,12982.122674423605
DC-MDN,DC-SBY,-7.2,112.7,Medan,3.5952,98.6722,2043,1965.7793229313918,948.0810737872529
CDP-KLT,DC-JKT,-6.2,106.8,Palangkaraya,-2.2089,113.9167,4119,905.2865376161213,3611.9053759806134
DC-JKT,CDP-SUL,-3.0,120.0,Semarang,-6.9667,110.4233,630,1148.6873892125689,6111.517890590716
CDP-KLT,DC-MDN,3.6,98.6,Balikpapan,-1.2653,116.8253,3355,2096.5288073463084,8660.870094592528
DC-SBY,CDP-BNR,-8.0,117.0,Jakarta,-6.2088,106.8456,1487,1137.944579317045,5897.9280181470795
CDP-KLT,DC-SBY,-7.2,112.7,Balikpapan,-1.2653,116.8253,3273,802.8445769475228,3757.5344319018486
DC-MDN,CDP-SUL,-3.0,120.0,Medan,3.5952,98.6722,1640,2481.0569613731654,13135.65457572607
DC-JKT,CDP-KLT,-0.5,115.0,Yogyakarta,-7.7956,110.3695,2858,959.9271387718734,3777.262117929311
CDP-BNR,CDP-BNR,-8.0,117.0,Mataram,-8.5833,116.1167,4418,116.84593138218402,586.8159848871446
CDP-BNR,DC-SBY,-7.2,112.7,Mataram,-8.5833,116.1167,1707,406.5332407074668,1710.2853652822214
CDP-KLT,DC-SBY,-7.2,112.7,Pontianak,-0.0267,109.33,958,880.8509080107294,3755.631398406029
CDP-SUL,DC-MDN,3.6,98.6,Palu,-0.8906,119.8829,4664,2417.405593684529,11401.459638317132
CDP-SUL,CDP-SUL,-3.0,120.0,Makassar,-5.1477,119.4327,4991,246.9624609490256,1256.8154871701745
DC-SBY,DC-JKT,-6.2,106.8,Bandung,-6.9175,107.6191,3139,120.6333559325586,57.50365655877666
CDP-KLT,CDP-SUL,-3.0,120.0,Pontianak,-0.0267,109.33,694,1231.1250715639362,6906.663326423023
CDP-SUL,DC-SBY,-7.2,112.7,Kendari,-3.9888,122.5159,2215,1143.3092574038453,5177.2907154308095
DC-JKT,DC-JKT,-6.2,106.8,Semarang,-6.9667,110.4233,2960,409.21110755158253,176.51858527162818
CDP-SUL,CDP-BNR,-8.0,117.0,Makassar,-5.1477,119.4327,3861,415.67890886515187,1714.3702125071497
CDP-SUL,CDP-SUL,-3.0,120.0,Kendari,-3.9888,122.5159,1662,300.0986279216074,1687.5383928131616
CDP-SUL,CDP-KLT,-0.5,115.0,Manado,1.4748,124.8421,2308,1116.1120891327735,5400.551145657894
CDP-SUL,DC-MDN,3.6,98.6,Manado,1.4748,124.8421,3312,2924.4708843176863,11571.395533105848
CDP-SUL,CDP-BNR,-8.0,117.0,Kendari,-3.9888,122.5159,2031,755.5538597593122,3983.9093971762827
CDP-KLT,DC-MDN,3.6,98.6,Balikpapan,-1.2653,116.8253,2697,2096.5288073463084,9473.807138569688
CDP-SUL,CDP-KLT,-0.5,115.0,Kendari,-3.9888,122.5159,1928,920.6792554302883,5071.889331883126
DC-JKT,CDP-KLT,-0.5,115.0,Semarang,-6.9667,110.4233,2144,880.1491632445931,4215.367798592831
CDP-KLT,CDP-KLT,-0.5,115.0,Palangkaraya,-2.2089,113.9167,274,224.96399863478132,848.0643556289334
DC-SBY,DC-SBY,-7.2,112.7,Tg. Priok,-6.1051,106.887,4376,653.4519393604972,282.70059752186523
DC-JKT,DC-SBY,-7.2,112.7,Semarang,-6.9667,110.4233,1642,252.56074901137438,140.84722652093532
CDP-KLT,CDP-KLT,-0.5,115.0,Pontianak,-0.0267,109.33,3302,632.6595614416826,3323.294947254844
CDP-BNR,CDP-SUL,-3.0,120.0,Denpasar,-8.65,115.2167,1357,821.246046717488,4492.738883449814
CDP-BNR,CDP-KLT,-0.5,115.0,Denpasar,-8.65,115.2167,3246,906.5563541022262,4612.905238863311
CDP-SUL,DC-SBY,-7.2,112.7,Palu,-0.8906,119.8829,1143,1061.2727134521751,4463.544213424238
CDP-KLT,CDP-KLT,-0.5,115.0,Palangkaraya,-2.2089,113.9167,2206,224.96399863478132,879.2943366097974
CDP-KLT,CDP-SUL,-3.0,120.0,Palangkaraya,-2.2089,113.9167,1025,681.4289943217439,2786.2097982277833
DC-SBY,CDP-KLT,-0.5,115.0,Bandung,-6.9175,107.6191,2796,1085.938309797235,4763.77085482056
DC-MDN,DC-MDN,3.6,98.6,Padang,-0.957,100.354,4672,542.9171842203448,239.91491473126982
DC-SBY,DC-MDN,3.6,98.6,Surabaya,-7.2575,112.7521,3938,1980.8953803693546,853.6392557179099
CDP-SUL,DC-MDN,3.6,98.6,Palu,-0.8906,119.8829,3591,2417.405593684529,10166.787328345046
DC-MDN,DC-MDN,3.6,98.6,Pekanbaru,0.5061,101.4477,2514,467.4054225189695,201.19002147925826
DC-JKT,CDP-KLT,-0.5,115.0,Surabaya,-7.2575,112.7521,2304,791.6565186249713,3475.2401392444494
CDP-BNR,DC-MDN,3.6,98.6,Mataram,-8.5833,116.1167,1069,2368.007875564744,9149.77540547373
DC-JKT,CDP-SUL,-3.0,120.0,Bandung,-6.9175,107.6191,1551,1438.7742021763645,7743.404445636753
DC-JKT,DC-SBY,-7.2,112.7,Bandung,-6.9175,107.6191,4480,561.564094988836,318.01082423965585
DC-JKT,DC-SBY,-7.2,112.7,Semarang,-6.9667,110.4233,2663,252.56074901137438,104.86812977903783
DC-JKT,DC-SBY,-7.2,112.7,Jakarta,-6.2088,106.8456,3336,655.8431676337594,296.56457941620357
CDP-SUL,CDP-BNR,-8.0,117.0,Manado,1.4748,124.8421,855,1366.0680166569687,5657.091411651922
DC-JKT,DC-MDN,3.6,98.6,Yogyakarta,-7.7956,110.3695,2304,1819.4428648275564,864.9548867230519
CDP-KLT,DC-MDN,3.6,98.6,Palangkaraya,-2.2089,113.9167,2299,1820.708030061488,9844.583948512825
CDP-SUL,CDP-SUL,-3.0,120.0,Kendari,-3.9888,122.5159,3345,300.0986279216074,1646.276734659248
DC-SBY,CDP-KLT,-0.5,115.0,Tg. Priok,-6.1051,106.887,4929,1094.9524292688097,4396.588107402604
DC-JKT,DC-JKT,-6.2,106.8,Semarang,-6.9667,110.4233,1649,409.21110755158253,221.02155218341633
DC-MDN,DC-JKT,-6.2,106.8,Padang,-0.957,100.354,4561,922.641145285623,431.8178975886811
CDP-SUL,DC-SBY,-7.2,112.7,Palu,-0.8906,119.8829,1759,1061.2727134521751,5798.981839974734
CDP-SUL,CDP-SUL,-3.0,120.0,Makassar,-5.1477,119.4327,2284,246.9624609490256,982.2435051561405
CDP-SUL,DC-MDN,3.6,98.6,Kendari,-3.9888,122.5159,2367,2788.1218414522277,11338.348333584136
DC-SBY,CDP-SUL,-3.0,120.0,Surabaya,-7.2575,112.7521,4631,931.7407518996073,4932.985897541769
DC-JKT,DC-MDN,3.6,98.6,Bandung,-6.9175,107.6191,123,1539.4159475701797,850.104365180886
CDP-BNR,DC-SBY,-7.2,112.7,Denpasar,-8.65,115.2167,661,320.6485338953572,1520.4419028973982
CDP-KLT,CDP-KLT,-0.5,115.0,Palangkaraya,-2.2089,113.9167,4513,224.96399863478132,1093.0399607631311
DC-SBY,CDP-KLT,-0.5,115.0,Tg. Priok,-6.1051,106.887,3908,1094.9524292688097,5775.80251099773
CDP-SUL,CDP-BNR,-8.0,117.0,Kendari,-3.9888,122.5159,3591,755.5538597593122,3711.4776120087777
DC-SBY,DC-JKT,-6.2,106.8,Bandung,-6.9175,107.6191,1501,120.6333559325586,72.02982963300244
DC-SBY,DC-MDN,3.6,98.6,Bandung,-6.9175,107.6191,271,1539.4159475701797,672.1251056602388
DC-MDN,DC-SBY,-7.2,112.7,Pekanbaru,0.5061,101.4477,2833,1513.9381482957867,745.2450587918516
CDP-SUL,DC-JKT,-6.2,106.8,Makassar,-5.1477,119.4327,2171,1402.6513007331262,5600.6828071664595
DC-MDN,DC-MDN,3.6,98.6,Medan,3.5952,98.6722,2896,8.030210103947999,3.97720052178824
DC-MDN,DC-SBY,-7.2,112.7,Medan,3.5952,98.6722,711,1965.7793229313918,1136.284669374592
CDP-BNR,CDP-KLT,-0.5,115.0,Denpasar,-8.65,115.2167,1075,906.5563541022262,4448.7688188345855
DC-SBY,CDP-BNR,-8.0,117.0,Tg. Priok,-6.1051,106.887,4235,1135.6486895447179,5431.758901626512
CDP-KLT,DC-MDN,3.6,98.6,Balikpapan,-1.2653,116.8253,4797,2096.5288073463084,9964.56475151931
CDP-BNR,DC-JKT,-6.2,106.8,Denpasar,-8.65,115.2167,1017,967.121316350991,4076.286939083849
DC-JKT,DC-JKT,-6.2,106.8,Semarang,-6.9667,110.4233,3649,409.21110755158253,177.29441740079054
DC-SBY,CDP-KLT,-0.5,115.0,Yogyakarta,-7.7956,110.3695,837,959.9271387718734,3825.062506992343
DC-JKT,CDP-BNR,-8.0,117.0,Semarang,-6.9667,110.4233,4240,734.0973457642056,3277.4567325498297
DC-SBY,DC-SBY,-7.2,112.7,Tg. Priok,-6.1051,106.887,3517,653.4519393604972,308.38208532974284
CDP-SUL,CDP-SUL,-3.0,120.0,Makassar,-5.1477,119.4327,3780,246.9624609490256,1099.1060661118706
CDP-KLT,CDP-SUL,-3.0,120.0,Pontianak,-0.0267,109.33,3824,1231.1250715639362,6391.763182655842
DC-SBY,CDP-KLT,-0.5,115.0,Bandung,-6.9175,107.6191,4666,1085.938309797235,4906.165673292498
DC-MDN,CDP-SUL,-3.0,120.0,Medan,3.5952,98.6722,3593,2481.0569613731654,13418.81503019888
CDP-KLT,DC-JKT,-6.2,106.8,Balikpapan,-1.2653,116.8253,4592,1240.0510971490385,5071.303752124876
CDP-BNR,DC-SBY,-7.2,112.7,Denpasar,-8.65,115.2167,3581,320.6485338953572,1410.0910937906515
CDP-KLT,DC-MDN,3.6,98.6,Balikpapan,-1.2653,116.8253,2236,2096.5288073463084,10589.19618235257
DC-JKT,DC-JKT,-6.2,106.8,Semarang,-6.9667,110.4233,2350,409.21110755158253,241.0785511785059
CDP-KLT,DC-SBY,-7.2,112.7,Pontianak,-0.0267,109.33,2306,880.8509080107294,4917.086898698829
CDP-KLT,CDP-KLT,-0.5,115.0,Palangkaraya,-2.2089,113.9167,3119,224.96399863478132,919.71982630455
CDP-BNR,DC-SBY,-7.2,112.7,Denpasar,-8.65,115.2167,4867,320.6485338953572,1640.752287692982
CDP-BNR,CDP-SUL,-3.0,120.0,Denpasar,-8.65,115.2167,2310,821.246046717488,4159.408674444196
CDP-BNR,DC-JKT,-6.2,106.8,Denpasar,-8.65,115.2167,2158,967.121316350991,5056.330257566425
CDP-SUL,CDP-SUL,-3.0,120.0,Kendari,-3.9888,122.5159,2019,300.0986279216074,1354.1730074396673
CDP-SUL,CDP-KLT,-0.5,115.0,Palu,-0.8906,119.8829,1733,544.6471804576853,2166.7413329711017
CDP-BNR,CDP-SUL,-3.0,120.0,Mataram,-8.5833,116.1167,422,754.8772804835337,3564.924310141386
CDP-BNR,DC-JKT,-6.2,106.8,Denpasar,-8.65,115.2167,3465,967.121316350991,4540.862016186123
DC-SBY,CDP-SUL,-3.0,120.0,Semarang,-6.9667,110.4233,4612,1148.6873892125689,6385.823553232732
CDP-BNR,DC-MDN,3.6,98.6,Mataram,-8.5833,116.1167,2264,2368.007875564744,11097.497119746784
CDP-BNR,DC-JKT,-6.2,106.8,Mataram,-8.5833,116.1167,4936,1060.8969766122175,4554.242768272742
CDP-KLT,DC-MDN,3.6,98.6,Pontianak,-0.0267,109.33,2613,1258.6905574161763,6929.339478702349
CDP-BNR,CDP-SUL,-3.0,120.0,Mataram,-8.5833,116.1167,3343,754.8772804835337,3619.8147891541003
CDP-BNR,DC-JKT,-6.2,106.8,Denpasar,-8.65,115.2167,153,967.121316350991,5417.852382595655
DC-JKT,DC-MDN,3.6,98.6,Surabaya,-7.2575,112.7521,2762,1980.8953803693546,1083.2949059843197
CDP-SUL,CDP-KLT,-0.5,115.0,Kendari,-3.9888,122.5159,2319,920.6792554302883,4892.77466235253
CDP-KLT,CDP-BNR,-8.0,117.0,Pontianak,-0.0267,109.33,3104,1228.278121253845,5544.225349731504
CDP-BNR,DC-MDN,3.6,98.6,Mataram,-8.5833,116.1167,641,2368.007875564744,12228.587971353687
CDP-BNR,DC-SBY,-7.2,112.7,Mataram,-8.5833,116.1167,4463,406.5332407074668,1672.274612415736
DC-SBY,DC-JKT,-6.2,106.8,Tg. Priok,-6.1051,106.887,4272,14.278080413040605,6.682425812003824
CDP-KLT,CDP-KLT,-0.5,115.0,Palangkaraya,-2.2089,113.9167,2340,224.96399863478132,1068.7019920751513
CDP-SUL,DC-MDN,3.6,98.6,Makassar,-5.1477,119.4327,644,2510.1452364227553,10486.386973581015
CDP-BNR,CDP-BNR,-8.0,117.0,Denpasar,-8.65,115.2167,1715,209.09231495917885,1058.9839000043312
CDP-SUL,DC-MDN,3.6,98.6,Manado,1.4748,124.8421,2190,2924.4708843176863,15661.388555668727
DC-SBY,CDP-KLT,-0.5,115.0,Yogyakarta,-7.7956,110.3695,2638,959.9271387718734,4816.629725548689
CDP-KLT,CDP-BNR,-8.0,117.0,Balikpapan,-1.2653,116.8253,2960,749.1144479667884,2912.404968796874
DC-MDN,DC-MDN,3.6,98.6,Palembang,-2.9761,104.7754,4754,1002.8379470237779,550.4773193786804
DC-SBY,DC-JKT,-6.2,106.8,Bandung,-6.9175,107.6191,2672,120.6333559325586,58.67949080068811
CDP-KLT,DC-SBY,-7.2,112.7,Balikpapan,-1.2653,116.8253,4390,802.8445769475228,3301.4988891414887
DC-SBY,DC-JKT,-6.2,106.8,Bandung,-6.9175,107.6191,326,120.6333559325586,67.78454858597763
DC-JKT,CDP-KLT,-0.5,115.0,Surabaya,-7.2575,112.7521,2962,791.6565186249713,3618.073110394937
CDP-BNR,DC-MDN,3.6,98.6,Mataram,-8.5833,116.1167,4600,2368.007875564744,13137.850989840617
CDP-KLT,DC-MDN,3.6,98.6,Balikpapan,-1.2653,116.8253,3276,2096.5288073463084,8991.894660543901
CDP-BNR,CDP-BNR,-8.0,117.0,Mataram,-8.5833,116.1167,4936,116.84593138218402,480.03312329130597
CDP-SUL,DC-JKT,-6.2,106.8,Kendari,-3.9888,122.5159,3950,1757.7524542612707,8014.071775059498
DC-JKT,CDP-BNR,-8.0,117.0,Bandung,-6.9175,107.6191,578,1041.2274560842995,5271.08615241542
DC-MDN,CDP-KLT,-0.5,115.0,Medan,3.5952,98.6722,4368,1870.780233321527,9236.132283513538
DC-MDN,DC-JKT,-6.2,106.8,Pekanbaru,0.5061,101.4477,130,953.3970850890278,408.8436775248867
CDP-BNR,CDP-KLT,-0.5,115.0,Mataram,-8.5833,116.1167,832,907.2909384257198,4016.303652003639
CDP-BNR,DC-SBY,-7.2,112.7,Mataram,-8.5833,116.1167,4812,406.5332407074668,1905.1323511625421
DC-JKT,CDP-KLT,-0.5,115.0,Yogyakarta,-7.7956,110.3695,1471,959.9271387718734,5301.991896621322
DC-SBY,CDP-SUL,-3.0,120.0,Jakarta,-6.2088,106.8456,3982,1500.7970868827967,6182.981380601246
CDP-SUL,CDP-SUL,-3.0,120.0,Kendari,-3.9888,122.5159,2032,300.0986279216074,1283.5499044558733
CDP-SUL,CDP-BNR,-8.0,117.0,Kendari,-3.9888,122.5159,2882,755.5538597593122,3227.9168395248257
DC-JKT,DC-MDN,3.6,98.6,Tg. Priok,-6.1051,106.887,2829,1418.1864383984378,808.0971080322381
CDP-KLT,DC-MDN,3.6,98.6,Balikpapan,-1.2653,116.8253,331,2096.5288073463084,10549.979058753172
DC-JKT,CDP-BNR,-8.0,117.0,Jakarta,-6.2088,106.8456,3458,1137.944579317045,5682.438220034721
CDP-BNR,DC-SBY,-7.2,112.7,Mataram,-8.5833,116.1167,2126,406.5332407074668,1949.2056909933563
DC-JKT,CDP-BNR,-8.0,117.0,Jakarta,-6.2088,106.8456,1440,1137.944579317045,6409.988791258408
CDP-BNR,CDP-BNR,-8.0,117.0,Denpasar,-8.65,115.2167,4148,209.09231495917885,944.1049900438531
CDP-KLT,DC-JKT,-6.2,106.8,Pontianak,-0.0267,109.33,2495,741.6411412678369,3757.876746674639
CDP-SUL,CDP-KLT,-0.5,115.0,Makassar,-5.1477,119.4327,1539,713.6549165253224,4006.646943458701
CDP-BNR,CDP-KLT,-0.5,115.0,Mataram,-8.5833,116.1167,4329,907.2909384257198,3790.430304937105
DC-MDN,DC-SBY,-7.2,112.7,Pekanbaru,0.5061,101.4477,2695,1513.9381482957867,623.7985131283478
DC-MDN,CDP-BNR,-8.0,117.0,Padang,-0.957,100.354,4317,2003.478316081565,10217.340751714431
DC-MDN,CDP-BNR,-8.0,117.0,Pekanbaru,0.5061,101.4477,2092,1966.4208305163588,10819.293426335566
DC-MDN,CDP-SUL,-3.0,120.0,Palembang,-2.9761,104.7754,1389,1690.5851298239772,8334.828251789218
DC-JKT,CDP-SUL,-3.0,120.0,Semarang,-6.9667,110.4233,4884,1148.6873892125689,6183.936709188258
DC-JKT,CDP-KLT,-0.5,115.0,Semarang,-6.9667,110.4233,3049,880.1491632445931,3969.1579353343386
DC-MDN,DC-MDN,3.6,98.6,Pekanbaru,0.5061,101.4477,4795,467.4054225189695,270.35068427417383
DC-MDN,CDP-BNR,-8.0,117.0,Palembang,-2.9761,104.7754,1549,1463.4316150976615,6163.406159668556
CDP-BNR,DC-JKT,-6.2,106.8,Mataram,-8.5833,116.1167,728,1060.8969766122175,5587.755702544422
CDP-KLT,DC-MDN,3.6,98.6,Palangkaraya,-2.2089,113.9167,2374,1820.708030061488,7354.090307741213
CDP-KLT,CDP-KLT,-0.5,115.0,Palangkaraya,-2.2089,113.9167,2653,224.96399863478132,1104.8924868292788
CDP-BNR,CDP-SUL,-3.0,120.0,Denpasar,-8.65,115.2167,487,821.246046717488,4517.033418018366
DC-JKT,DC-SBY,-7.2,112.7,Semarang,-6.9667,110.4233,2123,252.56074901137438,116.2146489979291
CDP-BNR,CDP-BNR,-8.0,117.0,Mataram,-8.5833,116.1167,4992,116.84593138218402,479.4988544578034
DC-SBY,DC-MDN,3.6,98.6,Semarang,-6.9667,110.4233,155,1761.4031138772393,834.7169143906505
CDP-SUL,DC-SBY,-7.2,112.7,Kendari,-3.9888,122.5159,2852,1143.3092574038453,5304.945371716054
DC-MDN,CDP-SUL,-3.0,120.0,Padang,-0.957,100.354,1888,2194.891776122058,11557.86016831765
DC-SBY,DC-MDN,3.6,98.6,Surabaya,-7.2575,112.7521,4970,1980.8953803693546,1034.6345984987381
CDP-BNR,DC-SBY,-7.2,112.7,Denpasar,-8.65,115.2167,1366,320.6485338953572,1324.959423308107
DC-SBY,CDP-SUL,-3.0,120.0,Jakarta,-6.2088,106.8456,3628,1500.7970868827967,6303.765473995355
DC-MDN,CDP-KLT,-0.5,115.0,Medan,3.5952,98.6722,2531,1870.780233321527,9747.456136124832
DC-SBY,DC-JKT,-6.2,106.8,Jakarta,-6.2088,106.8456,4849,5.134885309594459,2.881506258207607
CDP-BNR,DC-JKT,-6.2,106.8,Mataram,-8.5833,116.1167,4223,1060.8969766122175,5500.057051134742
CDP-BNR,CDP-SUL,-3.0,120.0,Denpasar,-8.65,115.2167,2872,821.246046717488,4171.432869461154
DC-MDN,DC-MDN,3.6,98.6,Palembang,-2.9761,104.7754,2691,1002.8379470237779,478.4230535432678
DC-SBY,DC-SBY,-7.2,112.7,Jakarta,-6.2088,106.8456,300,655.8431676337594,383.19623928940894
CDP-KLT,DC-JKT,-6.2,106.8,Palangkaraya,-2.2089,113.9167,3920,905.2865376161213,4145.521957532771
CDP-KLT,DC-MDN,3.6,98.6,Balikpapan,-1.2653,116.8253,2076,2096.5288073463084,9969.521378806718
CDP-KLT,DC-MDN,3.6,98.6,Palangkaraya,-2.2089,113.9167,4772,1820.708030061488,9276.692684509388
CDP-BNR,CDP-SUL,-3.0,120.0,Denpasar,-8.65,115.2167,4937,821.246046717488,3853.348236597401
DC-JKT,DC-SBY,-7.2,112.7,Surabaya,-7.2575,112.7521,2058,8.5970875706038,4.3568206081234
DC-JKT,DC-JKT,-6.2,106.8,Bandung,-6.9175,107.6191,3586,120.6333559325586,64.18777237713417
CDP-KLT,DC-JKT,-6.2,106.8,Pontianak,-0.0267,109.33,2461,741.6411412678369,4149.9915204203335
CDP-SUL,CDP-KLT,-0.5,115.0,Kendari,-3.9888,122.5159,2961,920.6792554302883,3669.2831180899625
DC-JKT,DC-SBY,-7.2,112.7,Surabaya,-7.2575,112.7521,4165,8.5970875706038,3.4423447261662337
DC-SBY,DC-MDN,3.6,98.6,Semarang,-6.9667,110.4233,3935,1761.4031138772393,977.7881099355619
DC-JKT,CDP-SUL,-3.0,120.0,Jakarta,-6.2088,106.8456,4205,1500.7970868827967,7681.549738667989
CDP-BNR,DC-MDN,3.6,98.6,Denpasar,-8.65,115.2167,1240,2291.2073540769134,8621.518407837892
DC-JKT,DC-JKT,-6.2,106.8,Yogyakarta,-7.7956,110.3695,2041,432.0497972825557,216.4544644981353
CDP-KLT,CDP-KLT,-0.5,115.0,Palangkaraya,-2.2089,113.9167,3121,224.96399863478132,1163.0296991976056
DC-JKT,CDP-SUL,-3.0,120.0,Bandung,-6.9175,107.6191,2571,1438.7742021763645,7100.837312499685
CDP-KLT,CDP-BNR,-8.0,117.0,Balikpapan,-1.2653,116.8253,3383,749.1144479667884,3643.4135509212747
DC-MDN,CDP-BNR,-8.0,117.0,Medan,3.5952,98.6722,618,2407.322557213567,9980.079376601872
DC-SBY,CDP-BNR,-8.0,117.0,Tg. Priok,-6.1051,106.887,2296,1135.6486895447179,5146.479054654065
CDP-BNR,CDP-KLT,-0.5,115.0,Mataram,-8.5833,116.1167,1518,907.2909384257198,4166.516415426723
CDP-KLT,DC-MDN,3.6,98.6,Pontianak,-0.0267,109.33,4726,1258.6905574161763,5703.329317341758
DC-SBY,DC-JKT,-6.2,106.8,Semarang,-6.9667,110.4233,4522,409.21110755158253,176.79691970455448
CDP-BNR,DC-SBY,-7.2,112.7,Denpasar,-8.65,115.2167,758,320.6485338953572,1451.661212946057
CDP-BNR,DC-JKT,-6.2,106.8,Mataram,-8.5833,116.1167,2935,1060.8969766122175,5559.575201520886
CDP-SUL,CDP-KLT,-0.5,115.0,Manado,1.4748,124.8421,149,1116.1120891327735,6243.216905451933
CDP-BNR,DC-SBY,-7.2,112.7,Denpasar,-8.65,115.2167,844,320.6485338953572,1503.6432764461683
CDP-KLT,CDP-BNR,-8.0,117.0,Balikpapan,-1.2653,116.8253,2773,749.1144479667884,3635.97306227542
DC-MDN,CDP-KLT,-0.5,115.0,Palembang,-2.9761,104.7754,969,1169.191156381192,5222.610301158193
CDP-BNR,CDP-SUL,-3.0,120.0,Mataram,-8.5833,116.1167,4152,754.8772804835337,3247.7637265339904
DC-SBY,DC-SBY,-7.2,112.7,Jakarta,-6.2088,106.8456,3796,655.8431676337594,367.33352405948517
DC-MDN,DC-SBY,-7.2,112.7,Pekanbaru,0.5061,101.4477,1447,1513.9381482957867,648.837647542711
