Distributor Area,Origin Area,Origin Latitude,Longitude_x,Destination Area,Destination Latitude,Destination Longitude,Volume (CS)
Bali Nusra,Kencana,-8.63955,115.20248,Anggrek,-8.59373,116.15876,1000
Bali Nusra,Anggrek,-8.59373,116.15876,Kencana,-8.63955,115.20248,1000
Bali Nusra,Kencana,-8.63955,115.20248,Wijaya,-8.37759,118.72564,500
Bali Nusra,Kencana,-8.63955,115.20248,Kartika,-10.18017,123.54942,500
Bali Nusra,Kencana,-8.63955,115.20248,Cakrawala,-8.63907,122.27671,500
Bali Nusra,Kencana,-8.63955,115.20248,Kenari,-8.47856,117.40717,500
Bali Nusra,Anggrek,-8.59373,116.15876,Wijaya,-8.37759,118.72564,500
Bali Nusra,Anggrek,-8.59373,116.15876,Kartika,-10.18017,123.54942,500
Bali Nusra,Anggrek,-8.59373,116.15876,Cakrawala,-8.63907,122.27671,500
Bali Nusra,Anggrek,-8.59373,116.15876,Kenari,-8.47856,117.40717,500
Bali Nusra,Wijaya,-8.37759,118.72564,Kartika,-10.18017,123.54942,200
Bali Nusra,Wijaya,-8.37759,118.72564,Cakrawala,-8.63907,122.27671,200
Bali Nusra,Wijaya,-8.37759,118.72564,Kenari,-8.47856,117.40717,200
Bali Nusra,Kartika,-10.18017,123.54942,Wijaya,-8.37759,118.72564,200
Bali Nusra,Kartika,-10.18017,123.54942,Cakrawala,-8.63907,122.27671,200
Bali Nusra,Kartika,-10.18017,123.54942,Kenari,-8.47856,117.40717,200
Bali Nusra,Cakrawala,-8.63907,122.27671,Wijaya,-8.37759,118.72564,200
Bali Nusra,Cakrawala,-8.63907,122.27671,Kartika,-10.18017,123.54942,200
Bali Nusra,Cakrawala,-8.63907,122.27671,Kenari,-8.47856,117.40717,200
Bali Nusra,Kenari,-8.47856,117.40717,Wijaya,-8.37759,118.72564,200
Bali Nusra,Kenari,-8.47856,117.40717,Kartika,-10.18017,123.54942,200
Bali Nusra,Kenari,-8.47856,117.40717,Cakrawala,-8.63907,122.27671,200
Distributor Area,Origin Area,,,Destination Area,,,Volume (CS)
Kalimantan,Purnama,-0.935414,114.901123,Tembaga,-2.581936,115.390569,50
Kalimantan,Purnama,-0.935414,114.901123,Lestari,-3.455801,115.99749,50
Kalimantan,Purnama,-0.935414,114.901123,Damai,0.505968,117.532558,50
Kalimantan,Purnama,-0.935414,114.901123,Meranti,-1.5698,110.5215,50
Kalimantan,Purnama,-0.935414,114.901123,Cendana,-2.684718,111.631067,50
Kalimantan,Purnama,-0.935414,114.901123,Langit,-1.905754,116.197743,50
Kalimantan,Purnama,-0.935414,114.901123,Bayu,-2.934015,115.14198,50
Kalimantan,Purnama,-0.935414,114.901123,Salju,0.906,108.9872,50
Kalimantan,Purnama,-0.935414,114.901123,Sembada,-0.1378,112.8106,50
Kalimantan,Tembaga,-2.581936,115.390569,Purnama,-0.935414,114.901123,50
Kalimantan,Tembaga,-2.581936,115.390569,Lestari,-3.455801,115.99749,50
Kalimantan,Tembaga,-2.581936,115.390569,Damai,0.505968,117.532558,50
Kalimantan,Tembaga,-2.581936,115.390569,Meranti,-1.5698,110.5215,50
Kalimantan,Tembaga,-2.581936,115.390569,Cendana,-2.684718,111.631067,50
Kalimantan,Tembaga,-2.581936,115.390569,Langit,-1.905754,116.197743,50
Kalimantan,Tembaga,-2.581936,115.390569,Bayu,-2.934015,115.14198,50
Kalimantan,Tembaga,-2.581936,115.390569,Salju,0.906,108.9872,50
Kalimantan,Tembaga,-2.581936,115.390569,Sembada,-0.1378,112.8106,50
Kalimantan,Lestari,-3.455801,115.99749,Purnama,-0.935414,114.901123,50
Kalimantan,Lestari,-3.455801,115.99749,Tembaga,-2.581936,115.390569,50
Kalimantan,Lestari,-3.455801,115.99749,Damai,0.505968,117.532558,50
Kalimantan,Lestari,-3.455801,115.99749,Meranti,-1.5698,110.5215,50
Kalimantan,Lestari,-3.455801,115.99749,Cendana,-2.684718,111.631067,50
Kalimantan,Lestari,-3.455801,115.99749,Langit,-1.905754,116.197743,50
Kalimantan,Lestari,-3.455801,115.99749,Bayu,-2.934015,115.14198,50
Kalimantan,Lestari,-3.455801,115.99749,Salju,0.906,108.9872,50
Kalimantan,Lestari,-3.455801,115.99749,Sembada,-0.1378,112.8106,50
Kalimantan,Damai,0.505968,117.532558,Purnama,-0.935414,114.901123,50
Kalimantan,Damai,0.505968,117.532558,Tembaga,-2.581936,115.390569,50
Kalimantan,Damai,0.505968,117.532558,Lestari,-3.455801,115.99749,50
Kalimantan,Damai,0.505968,117.532558,Meranti,-1.5698,110.5215,50
Kalimantan,Damai,0.505968,117.532558,Cendana,-2.684718,111.631067,50
Kalimantan,Damai,0.505968,117.532558,Langit,-1.905754,116.197743,50
Kalimantan,Damai,0.505968,117.532558,Bayu,-2.934015,115.14198,50
Kalimantan,Damai,0.505968,117.532558,Salju,0.906,108.9872,50
Kalimantan,Damai,0.505968,117.532558,Sembada,-0.1378,112.8106,50
Kalimantan,Meranti,-1.5698,110.5215,Purnama,-0.935414,114.901123,50
Kalimantan,Meranti,-1.5698,110.5215,Tembaga,-2.581936,115.390569,50
Kalimantan,Meranti,-1.5698,110.5215,Lestari,-3.455801,115.99749,50
Kalimantan,Meranti,-1.5698,110.5215,Damai,0.505968,117.532558,50
Kalimantan,Meranti,-1.5698,110.5215,Cendana,-2.684718,111.631067,50
Kalimantan,Meranti,-1.5698,110.5215,Langit,-1.905754,116.197743,50
Kalimantan,Meranti,-1.5698,110.5215,Bayu,-2.934015,115.14198,50
Kalimantan,Meranti,-1.5698,110.5215,Salju,0.906,108.9872,50
Kalimantan,Meranti,-1.5698,110.5215,Sembada,-0.1378,112.8106,50
Kalimantan,Cendana,-2.684718,111.631067,Purnama,-0.935414,114.901123,50
Kalimantan,Cendana,-2.684718,111.631067,Tembaga,-2.581936,115.390569,50
Kalimantan,Cendana,-2.684718,111.631067,Lestari,-3.455801,115.99749,50
Kalimantan,Cendana,-2.684718,111.631067,Damai,0.505968,117.532558,50
Kalimantan,Cendana,-2.684718,111.631067,Meranti,-1.5698,110.5215,50
Kalimantan,Cendana,-2.684718,111.631067,Langit,-1.905754,116.197743,50
Kalimantan,Cendana,-2.684718,111.631067,Bayu,-2.934015,115.14198,50
Kalimantan,Cendana,-2.684718,111.631067,Salju,0.906,108.9872,50
Kalimantan,Cendana,-2.684718,111.631067,Sembada,-0.1378,112.8106,50
Kalimantan,Langit,-1.905754,116.197743,Purnama,-0.935414,114.901123,50
Kalimantan,Langit,-1.905754,116.197743,Tembaga,-2.581936,115.390569,50
Kalimantan,Langit,-1.905754,116.197743,Lestari,-3.455801,115.99749,50
Kalimantan,Langit,-1.905754,116.197743,Damai,0.505968,117.532558,50
Kalimantan,Langit,-1.905754,116.197743,Meranti,-1.5698,110.5215,50
Kalimantan,Langit,-1.905754,116.197743,Cendana,-2.684718,111.631067,50
Kalimantan,Langit,-1.905754,116.197743,Bayu,-2.934015,115.14198,50
Kalimantan,Langit,-1.905754,116.197743,Salju,0.906,108.9872,50
Kalimantan,Langit,-1.905754,116.197743,Sembada,-0.1378,112.8106,50
Kalimantan,Bayu,-2.934015,115.14198,Purnama,-0.935414,114.901123,50
Kalimantan,Bayu,-2.934015,115.14198,Tembaga,-2.581936,115.390569,50
Kalimantan,Bayu,-2.934015,115.14198,Lestari,-3.455801,115.99749,50
Kalimantan,Bayu,-2.934015,115.14198,Damai,0.505968,117.532558,50
Kalimantan,Bayu,-2.934015,115.14198,Meranti,-1.5698,110.5215,50
Kalimantan,Bayu,-2.934015,115.14198,Cendana,-2.684718,111.631067,50
Kalimantan,Bayu,-2.934015,115.14198,Langit,-1.905754,116.197743,50
Kalimantan,Bayu,-2.934015,115.14198,Salju,0.906,108.9872,50
Kalimantan,Bayu,-2.934015,115.14198,Sembada,-0.1378,112.8106,50
Kalimantan,Salju,0.906,108.9872,Purnama,-0.935414,114.901123,50
Kalimantan,Salju,0.906,108.9872,Tembaga,-2.581936,115.390569,50
Kalimantan,Salju,0.906,108.9872,Lestari,-3.455801,115.99749,50
Kalimantan,Salju,0.906,108.9872,Damai,0.505968,117.532558,50
Kalimantan,Salju,0.906,108.9872,Meranti,-1.5698,110.5215,50
Kalimantan,Salju,0.906,108.9872,Cendana,-2.684718,111.631067,50
Kalimantan,Salju,0.906,108.9872,Langit,-1.905754,116.197743,50
Kalimantan,Salju,0.906,108.9872,Bayu,-2.934015,115.14198,50
Kalimantan,Salju,0.906,108.9872,Sembada,-0.1378,112.8106,50
Kalimantan,Sembada,-0.1378,112.8106,Purnama,-0.935414,114.901123,50
Kalimantan,Sembada,-0.1378,112.8106,Tembaga,-2.581936,115.390569,50
Kalimantan,Sembada,-0.1378,112.8106,Lestari,-3.455801,115.99749,50
Kalimantan,Sembada,-0.1378,112.8106,Damai,0.505968,117.532558,50
Kalimantan,Sembada,-0.1378,112.8106,Meranti,-1.5698,110.5215,50
Kalimantan,Sembada,-0.1378,112.8106,Cendana,-2.684718,111.631067,50
Kalimantan,Sembada,-0.1378,112.8106,Langit,-1.905754,116.197743,50
Kalimantan,Sembada,-0.1378,112.8106,Bayu,-2.934015,115.14198,50
Kalimantan,Sembada,-0.1378,112.8106,Salju,0.906,108.9872,50
Kalimantan,Cemara,-1.249963,116.868785,Purnama,-0.935414,114.901123,100
Kalimantan,Cemara,-1.249963,116.868785,Tembaga,-2.581936,115.390569,100
Kalimantan,Cemara,-1.249963,116.868785,Lestari,-3.455801,115.99749,100
Kalimantan,Cemara,-1.249963,116.868785,Damai,0.505968,117.532558,100
Kalimantan,Cemara,-1.249963,116.868785,Meranti,-1.5698,110.5215,100
Kalimantan,Cemara,-1.249963,116.868785,Cendana,-2.684718,111.631067,100
Kalimantan,Cemara,-1.249963,116.868785,Langit,-1.905754,116.197743,100
Kalimantan,Cemara,-1.249963,116.868785,Bayu,-2.934015,115.14198,100
Kalimantan,Cemara,-1.249963,116.868785,Salju,0.906,108.9872,100
Kalimantan,Cemara,-1.249963,116.868785,Sembada,-0.1378,112.8106,100
Kalimantan,Mawaddah,-3.330249,114.595582,Purnama,-0.935414,114.901123,100
Kalimantan,Mawaddah,-3.330249,114.595582,Tembaga,-2.581936,115.390569,100
Kalimantan,Mawaddah,-3.330249,114.595582,Lestari,-3.455801,115.99749,100
Kalimantan,Mawaddah,-3.330249,114.595582,Damai,0.505968,117.532558,100
Kalimantan,Mawaddah,-3.330249,114.595582,Meranti,-1.5698,110.5215,100
Kalimantan,Mawaddah,-3.330249,114.595582,Cendana,-2.684718,111.631067,100
Kalimantan,Mawaddah,-3.330249,114.595582,Langit,-1.905754,116.197743,100
Kalimantan,Mawaddah,-3.330249,114.595582,Bayu,-2.934015,115.14198,100
Kalimantan,Mawaddah,-3.330249,114.595582,Salju,0.906,108.9872,100
Kalimantan,Mawaddah,-3.330249,114.595582,Sembada,-0.1378,112.8106,100
Kalimantan,Kalpataru,2.138839,117.492022,Purnama,-0.935414,114.901123,100
Kalimantan,Kalpataru,2.138839,117.492022,Tembaga,-2.581936,115.390569,100
Kalimantan,Kalpataru,2.138839,117.492022,Lestari,-3.455801,115.99749,100
Kalimantan,Kalpataru,2.138839,117.492022,Damai,0.505968,117.532558,100
Kalimantan,Kalpataru,2.138839,117.492022,Meranti,-1.5698,110.5215,100
Kalimantan,Kalpataru,2.138839,117.492022,Cendana,-2.684718,111.631067,100
Kalimantan,Kalpataru,2.138839,117.492022,Langit,-1.905754,116.197743,100
Kalimantan,Kalpataru,2.138839,117.492022,Bayu,-2.934015,115.14198,100
Kalimantan,Kalpataru,2.138839,117.492022,Salju,0.906,108.9872,100
Kalimantan,Kalpataru,2.138839,117.492022,Sembada,-0.1378,112.8106,100
Kalimantan,Surapati,0.121456,117.484766,Purnama,-0.935414,114.901123,100
Kalimantan,Surapati,0.121456,117.484766,Tembaga,-2.581936,115.390569,100
Kalimantan,Surapati,0.121456,117.484766,Lestari,-3.455801,115.99749,100
Kalimantan,Surapati,0.121456,117.484766,Damai,0.505968,117.532558,100
Kalimantan,Surapati,0.121456,117.484766,Meranti,-1.5698,110.5215,100
Kalimantan,Surapati,0.121456,117.484766,Cendana,-2.684718,111.631067,100
Kalimantan,Surapati,0.121456,117.484766,Langit,-1.905754,116.197743,100
Kalimantan,Surapati,0.121456,117.484766,Bayu,-2.934015,115.14198,100
Kalimantan,Surapati,0.121456,117.484766,Salju,0.906,108.9872,100
Kalimantan,Surapati,0.121456,117.484766,Sembada,-0.1378,112.8106,100
Kalimantan,Sandika,-2.218321,113.900455,Purnama,-0.935414,114.901123,100
Kalimantan,Sandika,-2.218321,113.900455,Tembaga,-2.581936,115.390569,100
Kalimantan,Sandika,-2.218321,113.900455,Lestari,-3.455801,115.99749,100
Kalimantan,Sandika,-2.218321,113.900455,Damai,0.505968,117.532558,100
Kalimantan,Sandika,-2.218321,113.900455,Meranti,-1.5698,110.5215,100
Kalimantan,Sandika,-2.218321,113.900455,Cendana,-2.684718,111.631067,100
Kalimantan,Sandika,-2.218321,113.900455,Langit,-1.905754,116.197743,100
Kalimantan,Sandika,-2.218321,113.900455,Bayu,-2.934015,115.14198,100
Kalimantan,Sandika,-2.218321,113.900455,Salju,0.906,108.9872,100
Kalimantan,Sandika,-2.218321,113.900455,Sembada,-0.1378,112.8106,100
Kalimantan,Tidar,-0.03109,109.3425,Purnama,-0.935414,114.901123,100
Kalimantan,Tidar,-0.03109,109.3425,Tembaga,-2.581936,115.390569,100
Kalimantan,Tidar,-0.03109,109.3425,Lestari,-3.455801,115.99749,100
Kalimantan,Tidar,-0.03109,109.3425,Damai,0.505968,117.532558,100
Kalimantan,Tidar,-0.03109,109.3425,Meranti,-1.5698,110.5215,100
Kalimantan,Tidar,-0.03109,109.3425,Cendana,-2.684718,111.631067,100
Kalimantan,Tidar,-0.03109,109.3425,Langit,-1.905754,116.197743,100
Kalimantan,Tidar,-0.03109,109.3425,Bayu,-2.934015,115.14198,100
Kalimantan,Tidar,-0.03109,109.3425,Salju,0.906,108.9872,100
Kalimantan,Tidar,-0.03109,109.3425,Sembada,-0.1378,112.8106,100
Kalimantan,Kemuning,-0.502298,117.161801,Purnama,-0.935414,114.901123,100
Kalimantan,Kemuning,-0.502298,117.161801,Tembaga,-2.581936,115.390569,100
Kalimantan,Kemuning,-0.502298,117.161801,Lestari,-3.455801,115.99749,100
Kalimantan,Kemuning,-0.502298,117.161801,Damai,0.505968,117.532558,100
Kalimantan,Kemuning,-0.502298,117.161801,Meranti,-1.5698,110.5215,100
Kalimantan,Kemuning,-0.502298,117.161801,Cendana,-2.684718,111.631067,100
Kalimantan,Kemuning,-0.502298,117.161801,Langit,-1.905754,116.197743,100
Kalimantan,Kemuning,-0.502298,117.161801,Bayu,-2.934015,115.14198,100
Kalimantan,Kemuning,-0.502298,117.161801,Salju,0.906,108.9872,100
Kalimantan,Kemuning,-0.502298,117.161801,Sembada,-0.1378,112.8106,100
Kalimantan,Jembar,-2.538901,112.956601,Purnama,-0.935414,114.901123,100
Kalimantan,Jembar,-2.538901,112.956601,Tembaga,-2.581936,115.390569,100
Kalimantan,Jembar,-2.538901,112.956601,Lestari,-3.455801,115.99749,100
Kalimantan,Jembar,-2.538901,112.956601,Damai,0.505968,117.532558,100
Kalimantan,Jembar,-2.538901,112.956601,Meranti,-1.5698,110.5215,100
Kalimantan,Jembar,-2.538901,112.956601,Cendana,-2.684718,111.631067,100
Kalimantan,Jembar,-2.538901,112.956601,Langit,-1.905754,116.197743,100
Kalimantan,Jembar,-2.538901,112.956601,Bayu,-2.934015,115.14198,100
Kalimantan,Jembar,-2.538901,112.956601,Salju,0.906,108.9872,100
Kalimantan,Jembar,-2.538901,112.956601,Sembada,-0.1378,112.8106,100
Kalimantan,Widuri,3.34307,117.576925,Purnama,-0.935414,114.901123,100
Kalimantan,Widuri,3.34307,117.576925,Tembaga,-2.581936,115.390569,100
Kalimantan,Widuri,3.34307,117.576925,Lestari,-3.455801,115.99749,100
Kalimantan,Widuri,3.34307,117.576925,Damai,0.505968,117.532558,100
Kalimantan,Widuri,3.34307,117.576925,Meranti,-1.5698,110.5215,100
Kalimantan,Widuri,3.34307,117.576925,Cendana,-2.684718,111.631067,100
Kalimantan,Widuri,3.34307,117.576925,Langit,-1.905754,116.197743,100
Kalimantan,Widuri,3.34307,117.576925,Bayu,-2.934015,115.14198,100
Kalimantan,Widuri,3.34307,117.576925,Salju,0.906,108.9872,100
Kalimantan,Widuri,3.34307,117.576925,Sembada,-0.1378,112.8106,100
Kalimantan,Cemara,-1.249963,116.868785,Mawaddah,-3.330249,114.595582,1000
Kalimantan,Cemara,-1.249963,116.868785,Kalpataru,2.138839,117.492022,1000
Kalimantan,Cemara,-1.249963,116.868785,Surapati,0.121456,117.484766,1000
Kalimantan,Cemara,-1.249963,116.868785,Sandika,-2.218321,113.900455,1000
Kalimantan,Cemara,-1.249963,116.868785,Tidar,-0.03109,109.3425,1000
Kalimantan,Cemara,-1.249963,116.868785,Kemuning,-0.502298,117.161801,1000
Kalimantan,Cemara,-1.249963,116.868785,Jembar,-2.538901,112.956601,1000
Kalimantan,Cemara,-1.249963,116.868785,Widuri,3.34307,117.576925,1000
Kalimantan,Mawaddah,-3.330249,114.595582,Cemara,-1.249963,116.868785,1000
Kalimantan,Mawaddah,-3.330249,114.595582,Kalpataru,2.138839,117.492022,1000
Kalimantan,Mawaddah,-3.330249,114.595582,Surapati,0.121456,117.484766,1000
Kalimantan,Mawaddah,-3.330249,114.595582,Sandika,-2.218321,113.900455,1000
Kalimantan,Mawaddah,-3.330249,114.595582,Tidar,-0.03109,109.3425,1000
Kalimantan,Mawaddah,-3.330249,114.595582,Kemuning,-0.502298,117.161801,1000
Kalimantan,Mawaddah,-3.330249,114.595582,Jembar,-2.538901,112.956601,1000
Kalimantan,Mawaddah,-3.330249,114.595582,Widuri,3.34307,117.576925,1000
Kalimantan,Kalpataru,2.138839,117.492022,Cemara,-1.249963,116.868785,1000
Kalimantan,Kalpataru,2.138839,117.492022,Mawaddah,-3.330249,114.595582,1000
Kalimantan,Kalpataru,2.138839,117.492022,Surapati,0.121456,117.484766,1000
Kalimantan,Kalpataru,2.138839,117.492022,Sandika,-2.218321,113.900455,1000
Kalimantan,Kalpataru,2.138839,117.492022,Tidar,-0.03109,109.3425,1000
Kalimantan,Kalpataru,2.138839,117.492022,Kemuning,-0.502298,117.161801,1000
Kalimantan,Kalpataru,2.138839,117.492022,Jembar,-2.538901,112.956601,1000
Kalimantan,Kalpataru,2.138839,117.492022,Widuri,3.34307,117.576925,1000
Kalimantan,Surapati,0.121456,117.484766,Cemara,-1.249963,116.868785,1000
Kalimantan,Surapati,0.121456,117.484766,Mawaddah,-3.330249,114.595582,1000
Kalimantan,Surapati,0.121456,117.484766,Kalpataru,2.138839,117.492022,1000
Kalimantan,Surapati,0.121456,117.484766,Sandika,-2.218321,113.900455,1000
Kalimantan,Surapati,0.121456,117.484766,Tidar,-0.03109,109.3425,1000
Kalimantan,Surapati,0.121456,117.484766,Kemuning,-0.502298,117.161801,1000
Kalimantan,Surapati,0.121456,117.484766,Jembar,-2.538901,112.956601,1000
Kalimantan,Surapati,0.121456,117.484766,Widuri,3.34307,117.576925,1000
Kalimantan,Sandika,-2.218321,113.900455,Cemara,-1.249963,116.868785,1000
Kalimantan,Sandika,-2.218321,113.900455,Mawaddah,-3.330249,114.595582,1000
Kalimantan,Sandika,-2.218321,113.900455,Kalpataru,2.138839,117.492022,1000
Kalimantan,Sandika,-2.218321,113.900455,Surapati,0.121456,117.484766,1000
Kalimantan,Sandika,-2.218321,113.900455,Tidar,-0.03109,109.3425,1000
Kalimantan,Sandika,-2.218321,113.900455,Kemuning,-0.502298,117.161801,1000
Kalimantan,Sandika,-2.218321,113.900455,Jembar,-2.538901,112.956601,1000
Kalimantan,Sandika,-2.218321,113.900455,Widuri,3.34307,117.576925,1000
Kalimantan,Tidar,-0.03109,109.3425,Cemara,-1.249963,116.868785,1000
Kalimantan,Tidar,-0.03109,109.3425,Mawaddah,-3.330249,114.595582,1000
Kalimantan,Tidar,-0.03109,109.3425,Kalpataru,2.138839,117.492022,1000
Kalimantan,Tidar,-0.03109,109.3425,Surapati,0.121456,117.484766,1000
Kalimantan,Tidar,-0.03109,109.3425,Sandika,-2.218321,113.900455,1000
Kalimantan,Tidar,-0.03109,109.3425,Kemuning,-0.502298,117.161801,1000
Kalimantan,Tidar,-0.03109,109.3425,Jembar,-2.538901,112.956601,1000
Kalimantan,Tidar,-0.03109,109.3425,Widuri,3.34307,117.576925,1000
Kalimantan,Kemuning,-0.502298,117.161801,Cemara,-1.249963,116.868785,1000
Kalimantan,Kemuning,-0.502298,117.161801,Mawaddah,-3.330249,114.595582,1000
Kalimantan,Kemuning,-0.502298,117.161801,Kalpataru,2.138839,117.492022,1000
Kalimantan,Kemuning,-0.502298,117.161801,Surapati,0.121456,117.484766,1000
Kalimantan,Kemuning,-0.502298,117.161801,Sandika,-2.218321,113.900455,1000
Kalimantan,Kemuning,-0.502298,117.161801,Tidar,-0.03109,109.3425,1000
Kalimantan,Kemuning,-0.502298,117.161801,Jembar,-2.538901,112.956601,1000
Kalimantan,Kemuning,-0.502298,117.161801,Widuri,3.34307,117.576925,1000
Kalimantan,Jembar,-2.538901,112.956601,Cemara,-1.249963,116.868785,1000
Kalimantan,Jembar,-2.538901,112.956601,Mawaddah,-3.330249,114.595582,1000
Kalimantan,Jembar,-2.538901,112.956601,Kalpataru,2.138839,117.492022,1000
Kalimantan,Jembar,-2.538901,112.956601,Surapati,0.121456,117.484766,1000
Kalimantan,Jembar,-2.538901,112.956601,Sandika,-2.218321,113.900455,1000
Kalimantan,Jembar,-2.538901,112.956601,Tidar,-0.03109,109.3425,1000
Kalimantan,Jembar,-2.538901,112.956601,Kemuning,-0.502298,117.161801,1000
Kalimantan,Jembar,-2.538901,112.956601,Widuri,3.34307,117.576925,1000
Kalimantan,Widuri,3.34307,117.576925,Cemara,-1.249963,116.868785,1000
Kalimantan,Widuri,3.34307,117.576925,Mawaddah,-3.330249,114.595582,1000
Kalimantan,Widuri,3.34307,117.576925,Kalpataru,2.138839,117.492022,1000
Kalimantan,Widuri,3.34307,117.576925,Surapati,0.121456,117.484766,1000
Kalimantan,Widuri,3.34307,117.576925,Sandika,-2.218321,113.900455,1000
Kalimantan,Widuri,3.34307,117.576925,Tidar,-0.03109,109.3425,1000
Kalimantan,Widuri,3.34307,117.576925,Kemuning,-0.502298,117.161801,1000
Kalimantan,Widuri,3.34307,117.576925,Jembar,-2.538901,112.956601,1000
Sulawesi,Pelita,-3.96513,122.50127,Sakura,-5.10404,119.46298,1000
Sulawesi,Pelita,-3.96513,122.50127,Delima,1.49518,124.86597,1000
Sulawesi,Pelita,-3.96513,122.50127,Berlian,-0.8232,119.88515,1000
Sulawesi,Sakura,-5.10404,119.46298,Pelita,-3.96513,122.50127,1000
Sulawesi,Sakura,-5.10404,119.46298,Delima,1.49518,124.86597,1000
Sulawesi,Sakura,-5.10404,119.46298,Berlian,-0.8232,119.88515,1000
Sulawesi,Delima,1.49518,124.86597,Pelita,-3.96513,122.50127,1000
Sulawesi,Delima,1.49518,124.86597,Sakura,-5.10404,119.46298,1000
Sulawesi,Delima,1.49518,124.86597,Berlian,-0.8232,119.88515,1000
Sulawesi,Berlian,-0.8232,119.88515,Pelita,-3.96513,122.50127,1000
Sulawesi,Berlian,-0.8232,119.88515,Sakura,-5.10404,119.46298,1000
Sulawesi,Berlian,-0.8232,119.88515,Delima,1.49518,124.86597,1000
Sulawesi,Pelita,-3.96513,122.50127,Jati,-5.48159,122.58,500
Sulawesi,Pelita,-3.96513,122.50127,Rajawali,-4.55181,120.3264,500
Sulawesi,Pelita,-3.96513,122.50127,Perkasa,0.62005,123.02368,500
Sulawesi,Pelita,-3.96513,122.50127,Srikandi,-0.96424,122.78153,500
Sulawesi,Pelita,-3.96513,122.50127,Bangkit,-2.68747,118.89864,500
Sulawesi,Pelita,-3.96513,122.50127,Bahagia,-3.00675,120.20264,500
Sulawesi,Pelita,-3.96513,122.50127,Madani,-3.97929,119.65472,500
Sulawesi,Pelita,-3.96513,122.50127,Pelangi,-1.38101,120.76128,500
Sulawesi,Sakura,-5.10404,119.46298,Jati,-5.48159,122.58,500
Sulawesi,Sakura,-5.10404,119.46298,Rajawali,-4.55181,120.3264,500
Sulawesi,Sakura,-5.10404,119.46298,Perkasa,0.62005,123.02368,500
Sulawesi,Sakura,-5.10404,119.46298,Srikandi,-0.96424,122.78153,500
Sulawesi,Sakura,-5.10404,119.46298,Bangkit,-2.68747,118.89864,500
Sulawesi,Sakura,-5.10404,119.46298,Bahagia,-3.00675,120.20264,500
Sulawesi,Sakura,-5.10404,119.46298,Madani,-3.97929,119.65472,500
Sulawesi,Sakura,-5.10404,119.46298,Pelangi,-1.38101,120.76128,500
Sulawesi,Delima,1.49518,124.86597,Jati,-5.48159,122.58,500
Sulawesi,Delima,1.49518,124.86597,Rajawali,-4.55181,120.3264,500
Sulawesi,Delima,1.49518,124.86597,Perkasa,0.62005,123.02368,500
Sulawesi,Delima,1.49518,124.86597,Srikandi,-0.96424,122.78153,500
Sulawesi,Delima,1.49518,124.86597,Bangkit,-2.68747,118.89864,500
Sulawesi,Delima,1.49518,124.86597,Bahagia,-3.00675,120.20264,500
Sulawesi,Delima,1.49518,124.86597,Madani,-3.97929,119.65472,500
Sulawesi,Delima,1.49518,124.86597,Pelangi,-1.38101,120.76128,500
Sulawesi,Berlian,-0.8232,119.88515,Jati,-5.48159,122.58,500
Sulawesi,Berlian,-0.8232,119.88515,Rajawali,-4.55181,120.3264,500
Sulawesi,Berlian,-0.8232,119.88515,Perkasa,0.62005,123.02368,500
Sulawesi,Berlian,-0.8232,119.88515,Srikandi,-0.96424,122.78153,500
Sulawesi,Berlian,-0.8232,119.88515,Bangkit,-2.68747,118.89864,500
Sulawesi,Berlian,-0.8232,119.88515,Bahagia,-3.00675,120.20264,500
Sulawesi,Berlian,-0.8232,119.88515,Madani,-3.97929,119.65472,500
Sulawesi,Berlian,-0.8232,119.88515,Pelangi,-1.38101,120.76128,500
Sulawesi,Jati,-5.48159,122.58,Rajawali,-4.55181,120.3264,200
Sulawesi,Jati,-5.48159,122.58,Perkasa,0.62005,123.02368,200
Sulawesi,Jati,-5.48159,122.58,Srikandi,-0.96424,122.78153,200
Sulawesi,Jati,-5.48159,122.58,Bangkit,-2.68747,118.89864,200
Sulawesi,Jati,-5.48159,122.58,Bahagia,-3.00675,120.20264,200
Sulawesi,Jati,-5.48159,122.58,Madani,-3.97929,119.65472,200
Sulawesi,Jati,-5.48159,122.58,Pelangi,-1.38101,120.76128,200
Sulawesi,Rajawali,-4.55181,120.3264,Jati,-5.48159,122.58,200
Sulawesi,Rajawali,-4.55181,120.3264,Perkasa,0.62005,123.02368,200
Sulawesi,Rajawali,-4.55181,120.3264,Srikandi,-0.96424,122.78153,200
Sulawesi,Rajawali,-4.55181,120.3264,Bangkit,-2.68747,118.89864,200
Sulawesi,Rajawali,-4.55181,120.3264,Bahagia,-3.00675,120.20264,200
Sulawesi,Rajawali,-4.55181,120.3264,Madani,-3.97929,119.65472,200
Sulawesi,Rajawali,-4.55181,120.3264,Pelangi,-1.38101,120.76128,200
Sulawesi,Perkasa,0.62005,123.02368,Jati,-5.48159,122.58,200
Sulawesi,Perkasa,0.62005,123.02368,Rajawali,-4.55181,120.3264,200
Sulawesi,Perkasa,0.62005,123.02368,Srikandi,-0.96424,122.78153,200
Sulawesi,Perkasa,0.62005,123.02368,Bangkit,-2.68747,118.89864,200
Sulawesi,Perkasa,0.62005,123.02368,Bahagia,-3.00675,120.20264,200
Sulawesi,Perkasa,0.62005,123.02368,Madani,-3.97929,119.65472,200
Sulawesi,Perkasa,0.62005,123.02368,Pelangi,-1.38101,120.76128,200
Sulawesi,Srikandi,-0.96424,122.78153,Jati,-5.48159,122.58,200
Sulawesi,Srikandi,-0.96424,122.78153,Rajawali,-4.55181,120.3264,200
Sulawesi,Srikandi,-0.96424,122.78153,Perkasa,0.62005,123.02368,200
Sulawesi,Srikandi,-0.96424,122.78153,Bangkit,-2.68747,118.89864,200
Sulawesi,Srikandi,-0.96424,122.78153,Bahagia,-3.00675,120.20264,200
Sulawesi,Srikandi,-0.96424,122.78153,Madani,-3.97929,119.65472,200
Sulawesi,Srikandi,-0.96424,122.78153,Pelangi,-1.38101,120.76128,200
Sulawesi,Bangkit,-2.68747,118.89864,Jati,-5.48159,122.58,200
Sulawesi,Bangkit,-2.68747,118.89864,Rajawali,-4.55181,120.3264,200
Sulawesi,Bangkit,-2.68747,118.89864,Perkasa,0.62005,123.02368,200
Sulawesi,Bangkit,-2.68747,118.89864,Srikandi,-0.96424,122.78153,200
Sulawesi,Bangkit,-2.68747,118.89864,Bahagia,-3.00675,120.20264,200
Sulawesi,Bangkit,-2.68747,118.89864,Madani,-3.97929,119.65472,200
Sulawesi,Bangkit,-2.68747,118.89864,Pelangi,-1.38101,120.76128,200
Sulawesi,Bahagia,-3.00675,120.20264,Jati,-5.48159,122.58,200
Sulawesi,Bahagia,-3.00675,120.20264,Rajawali,-4.55181,120.3264,200
Sulawesi,Bahagia,-3.00675,120.20264,Perkasa,0.62005,123.02368,200
Sulawesi,Bahagia,-3.00675,120.20264,Srikandi,-0.96424,122.78153,200
Sulawesi,Bahagia,-3.00675,120.20264,Bangkit,-2.68747,118.89864,200
Sulawesi,Bahagia,-3.00675,120.20264,Madani,-3.97929,119.65472,200
Sulawesi,Bahagia,-3.00675,120.20264,Pelangi,-1.38101,120.76128,200
Sulawesi,Madani,-3.97929,119.65472,Jati,-5.48159,122.58,200
Sulawesi,Madani,-3.97929,119.65472,Rajawali,-4.55181,120.3264,200
Sulawesi,Madani,-3.97929,119.65472,Perkasa,0.62005,123.02368,200
Sulawesi,Madani,-3.97929,119.65472,Srikandi,-0.96424,122.78153,200
Sulawesi,Madani,-3.97929,119.65472,Bangkit,-2.68747,118.89864,200
Sulawesi,Madani,-3.97929,119.65472,Bahagia,-3.00675,120.20264,200
Sulawesi,Madani,-3.97929,119.65472,Pelangi,-1.38101,120.76128,200
Sulawesi,Pelangi,-1.38101,120.76128,Jati,-5.48159,122.58,200
Sulawesi,Pelangi,-1.38101,120.76128,Rajawali,-4.55181,120.3264,200
Sulawesi,Pelangi,-1.38101,120.76128,Perkasa,0.62005,123.02368,200
Sulawesi,Pelangi,-1.38101,120.76128,Srikandi,-0.96424,122.78153,200
Sulawesi,Pelangi,-1.38101,120.76128,Bangkit,-2.68747,118.89864,200
Sulawesi,Pelangi,-1.38101,120.76128,Bahagia,-3.00675,120.20264,200
Sulawesi,Pelangi,-1.38101,120.76128,Madani,-3.97929,119.65472,200
Sulawesi,Surya,1.25533,124.63187,Sagara,-4.40562,119.61877,50
Sulawesi,Surya,1.25533,124.63187,Melati,-3.36284,120.36455,50
Sulawesi,Surya,1.25533,124.63187,Mentari,1.4711,125.15311,50
Sulawesi,Surya,1.25533,124.63187,Harmoni,-5.25188,120.15831,50
Sulawesi,Surya,1.25533,124.63187,Rimba,-5.20514,119.46374,50
Sulawesi,Surya,1.25533,124.63187,Bunga,-5.70104,119.72147,50
Sulawesi,Surya,1.25533,124.63187,Angkasa,-4.07671,121.63507,50
Sulawesi,Surya,1.25533,124.63187,Sejahtera,0.72119,124.30148,50
Sulawesi,Surya,1.25533,124.63187,Asri,-2.52535,120.82405,50
Sulawesi,Surya,1.25533,124.63187,Nirwana,0.48671,122.07034,50
Sulawesi,Surya,1.25533,124.63187,Teratai,-4.81645,119.54193,50
Sulawesi,Surya,1.25533,124.63187,Samudra,-0.81564,120.17009,50
Sulawesi,Surya,1.25533,124.63187,Satria,-3.42045,119.31694,50
Sulawesi,Surya,1.25533,124.63187,Sidoasih,-4.14356,120.03914,50
Sulawesi,Surya,1.25533,124.63187,Arunika,-5.12906,120.25357,50
Sulawesi,Surya,1.25533,124.63187,Kenanga,-5.3974,119.43746,50
Sulawesi,Surya,1.25533,124.63187,Seruni,1.29712,124.8362,50
Sulawesi,Surya,1.25533,124.63187,Mutiara,-3.0292,119.8819,50
Sulawesi,Surya,1.25533,124.63187,Mawar,-4.03681,122.48113,50
Sulawesi,Sagara,-4.40562,119.61877,Surya,1.25533,124.63187,50
Sulawesi,Sagara,-4.40562,119.61877,Melati,-3.36284,120.36455,50
Sulawesi,Sagara,-4.40562,119.61877,Mentari,1.4711,125.15311,50
Sulawesi,Sagara,-4.40562,119.61877,Harmoni,-5.25188,120.15831,50
Sulawesi,Sagara,-4.40562,119.61877,Rimba,-5.20514,119.46374,50
Sulawesi,Sagara,-4.40562,119.61877,Bunga,-5.70104,119.72147,50
Sulawesi,Sagara,-4.40562,119.61877,Angkasa,-4.07671,121.63507,50
Sulawesi,Sagara,-4.40562,119.61877,Sejahtera,0.72119,124.30148,50
Sulawesi,Sagara,-4.40562,119.61877,Asri,-2.52535,120.82405,50
Sulawesi,Sagara,-4.40562,119.61877,Nirwana,0.48671,122.07034,50
Sulawesi,Sagara,-4.40562,119.61877,Teratai,-4.81645,119.54193,50
Sulawesi,Sagara,-4.40562,119.61877,Samudra,-0.81564,120.17009,50
Sulawesi,Sagara,-4.40562,119.61877,Satria,-3.42045,119.31694,50
Sulawesi,Sagara,-4.40562,119.61877,Sidoasih,-4.14356,120.03914,50
Sulawesi,Sagara,-4.40562,119.61877,Arunika,-5.12906,120.25357,50
Sulawesi,Sagara,-4.40562,119.61877,Kenanga,-5.3974,119.43746,50
Sulawesi,Sagara,-4.40562,119.61877,Seruni,1.29712,124.8362,50
Sulawesi,Sagara,-4.40562,119.61877,Mutiara,-3.0292,119.8819,50
Sulawesi,Sagara,-4.40562,119.61877,Mawar,-4.03681,122.48113,50
Sulawesi,Melati,-3.36284,120.36455,Surya,1.25533,124.63187,50
Sulawesi,Melati,-3.36284,120.36455,Sagara,-4.40562,119.61877,50
Sulawesi,Melati,-3.36284,120.36455,Mentari,1.4711,125.15311,50
Sulawesi,Melati,-3.36284,120.36455,Harmoni,-5.25188,120.15831,50
Sulawesi,Melati,-3.36284,120.36455,Rimba,-5.20514,119.46374,50
Sulawesi,Melati,-3.36284,120.36455,Bunga,-5.70104,119.72147,50
Sulawesi,Melati,-3.36284,120.36455,Angkasa,-4.07671,121.63507,50
Sulawesi,Melati,-3.36284,120.36455,Sejahtera,0.72119,124.30148,50
Sulawesi,Melati,-3.36284,120.36455,Asri,-2.52535,120.82405,50
Sulawesi,Melati,-3.36284,120.36455,Nirwana,0.48671,122.07034,50
Sulawesi,Melati,-3.36284,120.36455,Teratai,-4.81645,119.54193,50
Sulawesi,Melati,-3.36284,120.36455,Samudra,-0.81564,120.17009,50
Sulawesi,Melati,-3.36284,120.36455,Satria,-3.42045,119.31694,50
Sulawesi,Melati,-3.36284,120.36455,Sidoasih,-4.14356,120.03914,50
Sulawesi,Melati,-3.36284,120.36455,Arunika,-5.12906,120.25357,50
Sulawesi,Melati,-3.36284,120.36455,Kenanga,-5.3974,119.43746,50
Sulawesi,Melati,-3.36284,120.36455,Seruni,1.29712,124.8362,50
Sulawesi,Melati,-3.36284,120.36455,Mutiara,-3.0292,119.8819,50
Sulawesi,Melati,-3.36284,120.36455,Mawar,-4.03681,122.48113,50
Sulawesi,Mentari,1.4711,125.15311,Surya,1.25533,124.63187,50
Sulawesi,Mentari,1.4711,125.15311,Sagara,-4.40562,119.61877,50
Sulawesi,Mentari,1.4711,125.15311,Melati,-3.36284,120.36455,50
Sulawesi,Mentari,1.4711,125.15311,Harmoni,-5.25188,120.15831,50
Sulawesi,Mentari,1.4711,125.15311,Rimba,-5.20514,119.46374,50
Sulawesi,Mentari,1.4711,125.15311,Bunga,-5.70104,119.72147,50
Sulawesi,Mentari,1.4711,125.15311,Angkasa,-4.07671,121.63507,50
Sulawesi,Mentari,1.4711,125.15311,Sejahtera,0.72119,124.30148,50
Sulawesi,Mentari,1.4711,125.15311,Asri,-2.52535,120.82405,50
Sulawesi,Mentari,1.4711,125.15311,Nirwana,0.48671,122.07034,50
Sulawesi,Mentari,1.4711,125.15311,Teratai,-4.81645,119.54193,50
Sulawesi,Mentari,1.4711,125.15311,Samudra,-0.81564,120.17009,50
Sulawesi,Mentari,1.4711,125.15311,Satria,-3.42045,119.31694,50
Sulawesi,Mentari,1.4711,125.15311,Sidoasih,-4.14356,120.03914,50
Sulawesi,Mentari,1.4711,125.15311,Arunika,-5.12906,120.25357,50
Sulawesi,Mentari,1.4711,125.15311,Kenanga,-5.3974,119.43746,50
Sulawesi,Mentari,1.4711,125.15311,Seruni,1.29712,124.8362,50
Sulawesi,Mentari,1.4711,125.15311,Mutiara,-3.0292,119.8819,50
Sulawesi,Mentari,1.4711,125.15311,Mawar,-4.03681,122.48113,50
Sulawesi,Harmoni,-5.25188,120.15831,Surya,1.25533,124.63187,50
Sulawesi,Harmoni,-5.25188,120.15831,Sagara,-4.40562,119.61877,50
Sulawesi,Harmoni,-5.25188,120.15831,Melati,-3.36284,120.36455,50
Sulawesi,Harmoni,-5.25188,120.15831,Mentari,1.4711,125.15311,50
Sulawesi,Harmoni,-5.25188,120.15831,Rimba,-5.20514,119.46374,50
Sulawesi,Harmoni,-5.25188,120.15831,Bunga,-5.70104,119.72147,50
Sulawesi,Harmoni,-5.25188,120.15831,Angkasa,-4.07671,121.63507,50
Sulawesi,Harmoni,-5.25188,120.15831,Sejahtera,0.72119,124.30148,50
Sulawesi,Harmoni,-5.25188,120.15831,Asri,-2.52535,120.82405,50
Sulawesi,Harmoni,-5.25188,120.15831,Nirwana,0.48671,122.07034,50
Sulawesi,Harmoni,-5.25188,120.15831,Teratai,-4.81645,119.54193,50
Sulawesi,Harmoni,-5.25188,120.15831,Samudra,-0.81564,120.17009,50
Sulawesi,Harmoni,-5.25188,120.15831,Satria,-3.42045,119.31694,50
Sulawesi,Harmoni,-5.25188,120.15831,Sidoasih,-4.14356,120.03914,50
Sulawesi,Harmoni,-5.25188,120.15831,Arunika,-5.12906,120.25357,50
Sulawesi,Harmoni,-5.25188,120.15831,Kenanga,-5.3974,119.43746,50
Sulawesi,Harmoni,-5.25188,120.15831,Seruni,1.29712,124.8362,50
Sulawesi,Harmoni,-5.25188,120.15831,Mutiara,-3.0292,119.8819,50
Sulawesi,Harmoni,-5.25188,120.15831,Mawar,-4.03681,122.48113,50
Sulawesi,Rimba,-5.20514,119.46374,Surya,1.25533,124.63187,50
Sulawesi,Rimba,-5.20514,119.46374,Sagara,-4.40562,119.61877,50
Sulawesi,Rimba,-5.20514,119.46374,Melati,-3.36284,120.36455,50
Sulawesi,Rimba,-5.20514,119.46374,Mentari,1.4711,125.15311,50
Sulawesi,Rimba,-5.20514,119.46374,Harmoni,-5.25188,120.15831,50
Sulawesi,Rimba,-5.20514,119.46374,Bunga,-5.70104,119.72147,50
Sulawesi,Rimba,-5.20514,119.46374,Angkasa,-4.07671,121.63507,50
Sulawesi,Rimba,-5.20514,119.46374,Sejahtera,0.72119,124.30148,50
Sulawesi,Rimba,-5.20514,119.46374,Asri,-2.52535,120.82405,50
Sulawesi,Rimba,-5.20514,119.46374,Nirwana,0.48671,122.07034,50
Sulawesi,Rimba,-5.20514,119.46374,Teratai,-4.81645,119.54193,50
Sulawesi,Rimba,-5.20514,119.46374,Samudra,-0.81564,120.17009,50
Sulawesi,Rimba,-5.20514,119.46374,Satria,-3.42045,119.31694,50
Sulawesi,Rimba,-5.20514,119.46374,Sidoasih,-4.14356,120.03914,50
Sulawesi,Rimba,-5.20514,119.46374,Arunika,-5.12906,120.25357,50
Sulawesi,Rimba,-5.20514,119.46374,Kenanga,-5.3974,119.43746,50
Sulawesi,Rimba,-5.20514,119.46374,Seruni,1.29712,124.8362,50
Sulawesi,Rimba,-5.20514,119.46374,Mutiara,-3.0292,119.8819,50
Sulawesi,Rimba,-5.20514,119.46374,Mawar,-4.03681,122.48113,50
Sulawesi,Bunga,-5.70104,119.72147,Surya,1.25533,124.63187,50
Sulawesi,Bunga,-5.70104,119.72147,Sagara,-4.40562,119.61877,50
Sulawesi,Bunga,-5.70104,119.72147,Melati,-3.36284,120.36455,50
Sulawesi,Bunga,-5.70104,119.72147,Mentari,1.4711,125.15311,50
Sulawesi,Bunga,-5.70104,119.72147,Harmoni,-5.25188,120.15831,50
Sulawesi,Bunga,-5.70104,119.72147,Rimba,-5.20514,119.46374,50
Sulawesi,Bunga,-5.70104,119.72147,Angkasa,-4.07671,121.63507,50
Sulawesi,Bunga,-5.70104,119.72147,Sejahtera,0.72119,124.30148,50
Sulawesi,Bunga,-5.70104,119.72147,Asri,-2.52535,120.82405,50
Sulawesi,Bunga,-5.70104,119.72147,Nirwana,0.48671,122.07034,50
Sulawesi,Bunga,-5.70104,119.72147,Teratai,-4.81645,119.54193,50
Sulawesi,Bunga,-5.70104,119.72147,Samudra,-0.81564,120.17009,50
Sulawesi,Bunga,-5.70104,119.72147,Satria,-3.42045,119.31694,50
Sulawesi,Bunga,-5.70104,119.72147,Sidoasih,-4.14356,120.03914,50
Sulawesi,Bunga,-5.70104,119.72147,Arunika,-5.12906,120.25357,50
Sulawesi,Bunga,-5.70104,119.72147,Kenanga,-5.3974,119.43746,50
Sulawesi,Bunga,-5.70104,119.72147,Seruni,1.29712,124.8362,50
Sulawesi,Bunga,-5.70104,119.72147,Mutiara,-3.0292,119.8819,50
Sulawesi,Bunga,-5.70104,119.72147,Mawar,-4.03681,122.48113,50
Sulawesi,Angkasa,-4.07671,121.63507,Surya,1.25533,124.63187,50
Sulawesi,Angkasa,-4.07671,121.63507,Sagara,-4.40562,119.61877,50
Sulawesi,Angkasa,-4.07671,121.63507,Melati,-3.36284,120.36455,50
Sulawesi,Angkasa,-4.07671,121.63507,Mentari,1.4711,125.15311,50
Sulawesi,Angkasa,-4.07671,121.63507,Harmoni,-5.25188,120.15831,50
Sulawesi,Angkasa,-4.07671,121.63507,Rimba,-5.20514,119.46374,50
Sulawesi,Angkasa,-4.07671,121.63507,Bunga,-5.70104,119.72147,50
Sulawesi,Angkasa,-4.07671,121.63507,Sejahtera,0.72119,124.30148,50
Sulawesi,Angkasa,-4.07671,121.63507,Asri,-2.52535,120.82405,50
Sulawesi,Angkasa,-4.07671,121.63507,Nirwana,0.48671,122.07034,50
Sulawesi,Angkasa,-4.07671,121.63507,Teratai,-4.81645,119.54193,50
Sulawesi,Angkasa,-4.07671,121.63507,Samudra,-0.81564,120.17009,50
Sulawesi,Angkasa,-4.07671,121.63507,Satria,-3.42045,119.31694,50
Sulawesi,Angkasa,-4.07671,121.63507,Sidoasih,-4.14356,120.03914,50
Sulawesi,Angkasa,-4.07671,121.63507,Arunika,-5.12906,120.25357,50
Sulawesi,Angkasa,-4.07671,121.63507,Kenanga,-5.3974,119.43746,50
Sulawesi,Angkasa,-4.07671,121.63507,Seruni,1.29712,124.8362,50
Sulawesi,Angkasa,-4.07671,121.63507,Mutiara,-3.0292,119.8819,50
Sulawesi,Angkasa,-4.07671,121.63507,Mawar,-4.03681,122.48113,50
Sulawesi,Sejahtera,0.72119,124.30148,Surya,1.25533,124.63187,50
Sulawesi,Sejahtera,0.72119,124.30148,Sagara,-4.40562,119.61877,50
Sulawesi,Sejahtera,0.72119,124.30148,Melati,-3.36284,120.36455,50
Sulawesi,Sejahtera,0.72119,124.30148,Mentari,1.4711,125.15311,50
Sulawesi,Sejahtera,0.72119,124.30148,Harmoni,-5.25188,120.15831,50
Sulawesi,Sejahtera,0.72119,124.30148,Rimba,-5.20514,119.46374,50
Sulawesi,Sejahtera,0.72119,124.30148,Bunga,-5.70104,119.72147,50
Sulawesi,Sejahtera,0.72119,124.30148,Angkasa,-4.07671,121.63507,50
Sulawesi,Sejahtera,0.72119,124.30148,Asri,-2.52535,120.82405,50
Sulawesi,Sejahtera,0.72119,124.30148,Nirwana,0.48671,122.07034,50
Sulawesi,Sejahtera,0.72119,124.30148,Teratai,-4.81645,119.54193,50
Sulawesi,Sejahtera,0.72119,124.30148,Samudra,-0.81564,120.17009,50
Sulawesi,Sejahtera,0.72119,124.30148,Satria,-3.42045,119.31694,50
Sulawesi,Sejahtera,0.72119,124.30148,Sidoasih,-4.14356,120.03914,50
Sulawesi,Sejahtera,0.72119,124.30148,Arunika,-5.12906,120.25357,50
Sulawesi,Sejahtera,0.72119,124.30148,Kenanga,-5.3974,119.43746,50
Sulawesi,Sejahtera,0.72119,124.30148,Seruni,1.29712,124.8362,50
Sulawesi,Sejahtera,0.72119,124.30148,Mutiara,-3.0292,119.8819,50
Sulawesi,Sejahtera,0.72119,124.30148,Mawar,-4.03681,122.48113,50
Sulawesi,Asri,-2.52535,120.82405,Surya,1.25533,124.63187,50
Sulawesi,Asri,-2.52535,120.82405,Sagara,-4.40562,119.61877,50
Sulawesi,Asri,-2.52535,120.82405,Melati,-3.36284,120.36455,50
Sulawesi,Asri,-2.52535,120.82405,Mentari,1.4711,125.15311,50
Sulawesi,Asri,-2.52535,120.82405,Harmoni,-5.25188,120.15831,50
Sulawesi,Asri,-2.52535,120.82405,Rimba,-5.20514,119.46374,50
Sulawesi,Asri,-2.52535,120.82405,Bunga,-5.70104,119.72147,50
Sulawesi,Asri,-2.52535,120.82405,Angkasa,-4.07671,121.63507,50
Sulawesi,Asri,-2.52535,120.82405,Sejahtera,0.72119,124.30148,50
Sulawesi,Asri,-2.52535,120.82405,Nirwana,0.48671,122.07034,50
Sulawesi,Asri,-2.52535,120.82405,Teratai,-4.81645,119.54193,50
Sulawesi,Asri,-2.52535,120.82405,Samudra,-0.81564,120.17009,50
Sulawesi,Asri,-2.52535,120.82405,Satria,-3.42045,119.31694,50
Sulawesi,Asri,-2.52535,120.82405,Sidoasih,-4.14356,120.03914,50
Sulawesi,Asri,-2.52535,120.82405,Arunika,-5.12906,120.25357,50
Sulawesi,Asri,-2.52535,120.82405,Kenanga,-5.3974,119.43746,50
Sulawesi,Asri,-2.52535,120.82405,Seruni,1.29712,124.8362,50
Sulawesi,Asri,-2.52535,120.82405,Mutiara,-3.0292,119.8819,50
Sulawesi,Asri,-2.52535,120.82405,Mawar,-4.03681,122.48113,50
Sulawesi,Nirwana,0.48671,122.07034,Surya,1.25533,124.63187,50
Sulawesi,Nirwana,0.48671,122.07034,Sagara,-4.40562,119.61877,50
Sulawesi,Nirwana,0.48671,122.07034,Melati,-3.36284,120.36455,50
Sulawesi,Nirwana,0.48671,122.07034,Mentari,1.4711,125.15311,50
Sulawesi,Nirwana,0.48671,122.07034,Harmoni,-5.25188,120.15831,50
Sulawesi,Nirwana,0.48671,122.07034,Rimba,-5.20514,119.46374,50
Sulawesi,Nirwana,0.48671,122.07034,Bunga,-5.70104,119.72147,50
Sulawesi,Nirwana,0.48671,122.07034,Angkasa,-4.07671,121.63507,50
Sulawesi,Nirwana,0.48671,122.07034,Sejahtera,0.72119,124.30148,50
Sulawesi,Nirwana,0.48671,122.07034,Asri,-2.52535,120.82405,50
Sulawesi,Nirwana,0.48671,122.07034,Teratai,-4.81645,119.54193,50
Sulawesi,Nirwana,0.48671,122.07034,Samudra,-0.81564,120.17009,50
Sulawesi,Nirwana,0.48671,122.07034,Satria,-3.42045,119.31694,50
Sulawesi,Nirwana,0.48671,122.07034,Sidoasih,-4.14356,120.03914,50
Sulawesi,Nirwana,0.48671,122.07034,Arunika,-5.12906,120.25357,50
Sulawesi,Nirwana,0.48671,122.07034,Kenanga,-5.3974,119.43746,50
Sulawesi,Nirwana,0.48671,122.07034,Seruni,1.29712,124.8362,50
Sulawesi,Nirwana,0.48671,122.07034,Mutiara,-3.0292,119.8819,50
Sulawesi,Nirwana,0.48671,122.07034,Mawar,-4.03681,122.48113,50
Sulawesi,Teratai,-4.81645,119.54193,Surya,1.25533,124.63187,50
Sulawesi,Teratai,-4.81645,119.54193,Sagara,-4.40562,119.61877,50
Sulawesi,Teratai,-4.81645,119.54193,Melati,-3.36284,120.36455,50
Sulawesi,Teratai,-4.81645,119.54193,Mentari,1.4711,125.15311,50
Sulawesi,Teratai,-4.81645,119.54193,Harmoni,-5.25188,120.15831,50
Sulawesi,Teratai,-4.81645,119.54193,Rimba,-5.20514,119.46374,50
Sulawesi,Teratai,-4.81645,119.54193,Bunga,-5.70104,119.72147,50
Sulawesi,Teratai,-4.81645,119.54193,Angkasa,-4.07671,121.63507,50
Sulawesi,Teratai,-4.81645,119.54193,Sejahtera,0.72119,124.30148,50
Sulawesi,Teratai,-4.81645,119.54193,Asri,-2.52535,120.82405,50
Sulawesi,Teratai,-4.81645,119.54193,Nirwana,0.48671,122.07034,50
Sulawesi,Teratai,-4.81645,119.54193,Samudra,-0.81564,120.17009,50
Sulawesi,Teratai,-4.81645,119.54193,Satria,-3.42045,119.31694,50
Sulawesi,Teratai,-4.81645,119.54193,Sidoasih,-4.14356,120.03914,50
Sulawesi,Teratai,-4.81645,119.54193,Arunika,-5.12906,120.25357,50
Sulawesi,Teratai,-4.81645,119.54193,Kenanga,-5.3974,119.43746,50
Sulawesi,Teratai,-4.81645,119.54193,Seruni,1.29712,124.8362,50
Sulawesi,Teratai,-4.81645,119.54193,Mutiara,-3.0292,119.8819,50
Sulawesi,Teratai,-4.81645,119.54193,Mawar,-4.03681,122.48113,50
Sulawesi,Samudra,-0.81564,120.17009,Surya,1.25533,124.63187,50
Sulawesi,Samudra,-0.81564,120.17009,Sagara,-4.40562,119.61877,50
Sulawesi,Samudra,-0.81564,120.17009,Melati,-3.36284,120.36455,50
Sulawesi,Samudra,-0.81564,120.17009,Mentari,1.4711,125.15311,50
Sulawesi,Samudra,-0.81564,120.17009,Harmoni,-5.25188,120.15831,50
Sulawesi,Samudra,-0.81564,120.17009,Rimba,-5.20514,119.46374,50
Sulawesi,Samudra,-0.81564,120.17009,Bunga,-5.70104,119.72147,50
Sulawesi,Samudra,-0.81564,120.17009,Angkasa,-4.07671,121.63507,50
Sulawesi,Samudra,-0.81564,120.17009,Sejahtera,0.72119,124.30148,50
Sulawesi,Samudra,-0.81564,120.17009,Asri,-2.52535,120.82405,50
Sulawesi,Samudra,-0.81564,120.17009,Nirwana,0.48671,122.07034,50
Sulawesi,Samudra,-0.81564,120.17009,Teratai,-4.81645,119.54193,50
Sulawesi,Samudra,-0.81564,120.17009,Satria,-3.42045,119.31694,50
Sulawesi,Samudra,-0.81564,120.17009,Sidoasih,-4.14356,120.03914,50
Sulawesi,Samudra,-0.81564,120.17009,Arunika,-5.12906,120.25357,50
Sulawesi,Samudra,-0.81564,120.17009,Kenanga,-5.3974,119.43746,50
Sulawesi,Samudra,-0.81564,120.17009,Seruni,1.29712,124.8362,50
Sulawesi,Samudra,-0.81564,120.17009,Mutiara,-3.0292,119.8819,50
Sulawesi,Samudra,-0.81564,120.17009,Mawar,-4.03681,122.48113,50
Sulawesi,Satria,-3.42045,119.31694,Surya,1.25533,124.63187,50
Sulawesi,Satria,-3.42045,119.31694,Sagara,-4.40562,119.61877,50
Sulawesi,Satria,-3.42045,119.31694,Melati,-3.36284,120.36455,50
Sulawesi,Satria,-3.42045,119.31694,Mentari,1.4711,125.15311,50
Sulawesi,Satria,-3.42045,119.31694,Harmoni,-5.25188,120.15831,50
Sulawesi,Satria,-3.42045,119.31694,Rimba,-5.20514,119.46374,50
Sulawesi,Satria,-3.42045,119.31694,Bunga,-5.70104,119.72147,50
Sulawesi,Satria,-3.42045,119.31694,Angkasa,-4.07671,121.63507,50
Sulawesi,Satria,-3.42045,119.31694,Sejahtera,0.72119,124.30148,50
Sulawesi,Satria,-3.42045,119.31694,Asri,-2.52535,120.82405,50
Sulawesi,Satria,-3.42045,119.31694,Nirwana,0.48671,122.07034,50
Sulawesi,Satria,-3.42045,119.31694,Teratai,-4.81645,119.54193,50
Sulawesi,Satria,-3.42045,119.31694,Samudra,-0.81564,120.17009,50
Sulawesi,Satria,-3.42045,119.31694,Sidoasih,-4.14356,120.03914,50
Sulawesi,Satria,-3.42045,119.31694,Arunika,-5.12906,120.25357,50
Sulawesi,Satria,-3.42045,119.31694,Kenanga,-5.3974,119.43746,50
Sulawesi,Satria,-3.42045,119.31694,Seruni,1.29712,124.8362,50
Sulawesi,Satria,-3.42045,119.31694,Mutiara,-3.0292,119.8819,50
Sulawesi,Satria,-3.42045,119.31694,Mawar,-4.03681,122.48113,50
Sulawesi,Sidoasih,-4.14356,120.03914,Surya,1.25533,124.63187,50
Sulawesi,Sidoasih,-4.14356,120.03914,Sagara,-4.40562,119.61877,50
Sulawesi,Sidoasih,-4.14356,120.03914,Melati,-3.36284,120.36455,50
Sulawesi,Sidoasih,-4.14356,120.03914,Mentari,1.4711,125.15311,50
Sulawesi,Sidoasih,-4.14356,120.03914,Harmoni,-5.25188,120.15831,50
Sulawesi,Sidoasih,-4.14356,120.03914,Rimba,-5.20514,119.46374,50
Sulawesi,Sidoasih,-4.14356,120.03914,Bunga,-5.70104,119.72147,50
Sulawesi,Sidoasih,-4.14356,120.03914,Angkasa,-4.07671,121.63507,50
Sulawesi,Sidoasih,-4.14356,120.03914,Sejahtera,0.72119,124.30148,50
Sulawesi,Sidoasih,-4.14356,120.03914,Asri,-2.52535,120.82405,50
Sulawesi,Sidoasih,-4.14356,120.03914,Nirwana,0.48671,122.07034,50
Sulawesi,Sidoasih,-4.14356,120.03914,Teratai,-4.81645,119.54193,50
Sulawesi,Sidoasih,-4.14356,120.03914,Samudra,-0.81564,120.17009,50
Sulawesi,Sidoasih,-4.14356,120.03914,Satria,-3.42045,119.31694,50
Sulawesi,Sidoasih,-4.14356,120.03914,Arunika,-5.12906,120.25357,50
Sulawesi,Sidoasih,-4.14356,120.03914,Kenanga,-5.3974,119.43746,50
Sulawesi,Sidoasih,-4.14356,120.03914,Seruni,1.29712,124.8362,50
Sulawesi,Sidoasih,-4.14356,120.03914,Mutiara,-3.0292,119.8819,50
Sulawesi,Sidoasih,-4.14356,120.03914,Mawar,-4.03681,122.48113,50
Sulawesi,Arunika,-5.12906,120.25357,Surya,1.25533,124.63187,50
Sulawesi,Arunika,-5.12906,120.25357,Sagara,-4.40562,119.61877,50
Sulawesi,Arunika,-5.12906,120.25357,Melati,-3.36284,120.36455,50
Sulawesi,Arunika,-5.12906,120.25357,Mentari,1.4711,125.15311,50
Sulawesi,Arunika,-5.12906,120.25357,Harmoni,-5.25188,120.15831,50
Sulawesi,Arunika,-5.12906,120.25357,Rimba,-5.20514,119.46374,50
Sulawesi,Arunika,-5.12906,120.25357,Bunga,-5.70104,119.72147,50
Sulawesi,Arunika,-5.12906,120.25357,Angkasa,-4.07671,121.63507,50
Sulawesi,Arunika,-5.12906,120.25357,Sejahtera,0.72119,124.30148,50
Sulawesi,Arunika,-5.12906,120.25357,Asri,-2.52535,120.82405,50
Sulawesi,Arunika,-5.12906,120.25357,Nirwana,0.48671,122.07034,50
Sulawesi,Arunika,-5.12906,120.25357,Teratai,-4.81645,119.54193,50
Sulawesi,Arunika,-5.12906,120.25357,Samudra,-0.81564,120.17009,50
Sulawesi,Arunika,-5.12906,120.25357,Satria,-3.42045,119.31694,50
Sulawesi,Arunika,-5.12906,120.25357,Sidoasih,-4.14356,120.03914,50
Sulawesi,Arunika,-5.12906,120.25357,Kenanga,-5.3974,119.43746,50
Sulawesi,Arunika,-5.12906,120.25357,Seruni,1.29712,124.8362,50
Sulawesi,Arunika,-5.12906,120.25357,Mutiara,-3.0292,119.8819,50
Sulawesi,Arunika,-5.12906,120.25357,Mawar,-4.03681,122.48113,50
Sulawesi,Kenanga,-5.3974,119.43746,Surya,1.25533,124.63187,50
Sulawesi,Kenanga,-5.3974,119.43746,Sagara,-4.40562,119.61877,50
Sulawesi,Kenanga,-5.3974,119.43746,Melati,-3.36284,120.36455,50
Sulawesi,Kenanga,-5.3974,119.43746,Mentari,1.4711,125.15311,50
Sulawesi,Kenanga,-5.3974,119.43746,Harmoni,-5.25188,120.15831,50
Sulawesi,Kenanga,-5.3974,119.43746,Rimba,-5.20514,119.46374,50
Sulawesi,Kenanga,-5.3974,119.43746,Bunga,-5.70104,119.72147,50
Sulawesi,Kenanga,-5.3974,119.43746,Angkasa,-4.07671,121.63507,50
Sulawesi,Kenanga,-5.3974,119.43746,Sejahtera,0.72119,124.30148,50
Sulawesi,Kenanga,-5.3974,119.43746,Asri,-2.52535,120.82405,50
Sulawesi,Kenanga,-5.3974,119.43746,Nirwana,0.48671,122.07034,50
Sulawesi,Kenanga,-5.3974,119.43746,Teratai,-4.81645,119.54193,50
Sulawesi,Kenanga,-5.3974,119.43746,Samudra,-0.81564,120.17009,50
Sulawesi,Kenanga,-5.3974,119.43746,Satria,-3.42045,119.31694,50
Sulawesi,Kenanga,-5.3974,119.43746,Sidoasih,-4.14356,120.03914,50
Sulawesi,Kenanga,-5.3974,119.43746,Arunika,-5.12906,120.25357,50
Sulawesi,Kenanga,-5.3974,119.43746,Seruni,1.29712,124.8362,50
Sulawesi,Kenanga,-5.3974,119.43746,Mutiara,-3.0292,119.8819,50
Sulawesi,Kenanga,-5.3974,119.43746,Mawar,-4.03681,122.48113,50
Sulawesi,Seruni,1.29712,124.8362,Surya,1.25533,124.63187,50
Sulawesi,Seruni,1.29712,124.8362,Sagara,-4.40562,119.61877,50
Sulawesi,Seruni,1.29712,124.8362,Melati,-3.36284,120.36455,50
Sulawesi,Seruni,1.29712,124.8362,Mentari,1.4711,125.15311,50
Sulawesi,Seruni,1.29712,124.8362,Harmoni,-5.25188,120.15831,50
Sulawesi,Seruni,1.29712,124.8362,Rimba,-5.20514,119.46374,50
Sulawesi,Seruni,1.29712,124.8362,Bunga,-5.70104,119.72147,50
Sulawesi,Seruni,1.29712,124.8362,Angkasa,-4.07671,121.63507,50
Sulawesi,Seruni,1.29712,124.8362,Sejahtera,0.72119,124.30148,50
Sulawesi,Seruni,1.29712,124.8362,Asri,-2.52535,120.82405,50
Sulawesi,Seruni,1.29712,124.8362,Nirwana,0.48671,122.07034,50
Sulawesi,Seruni,1.29712,124.8362,Teratai,-4.81645,119.54193,50
Sulawesi,Seruni,1.29712,124.8362,Samudra,-0.81564,120.17009,50
Sulawesi,Seruni,1.29712,124.8362,Satria,-3.42045,119.31694,50
Sulawesi,Seruni,1.29712,124.8362,Sidoasih,-4.14356,120.03914,50
Sulawesi,Seruni,1.29712,124.8362,Arunika,-5.12906,120.25357,50
Sulawesi,Seruni,1.29712,124.8362,Kenanga,-5.3974,119.43746,50
Sulawesi,Seruni,1.29712,124.8362,Mutiara,-3.0292,119.8819,50
Sulawesi,Seruni,1.29712,124.8362,Mawar,-4.03681,122.48113,50
Sulawesi,Mutiara,-3.0292,119.8819,Surya,1.25533,124.63187,50
Sulawesi,Mutiara,-3.0292,119.8819,Sagara,-4.40562,119.61877,50
Sulawesi,Mutiara,-3.0292,119.8819,Melati,-3.36284,120.36455,50
Sulawesi,Mutiara,-3.0292,119.8819,Mentari,1.4711,125.15311,50
Sulawesi,Mutiara,-3.0292,119.8819,Harmoni,-5.25188,120.15831,50
Sulawesi,Mutiara,-3.0292,119.8819,Rimba,-5.20514,119.46374,50
Sulawesi,Mutiara,-3.0292,119.8819,Bunga,-5.70104,119.72147,50
Sulawesi,Mutiara,-3.0292,119.8819,Angkasa,-4.07671,121.63507,50
Sulawesi,Mutiara,-3.0292,119.8819,Sejahtera,0.72119,124.30148,50
Sulawesi,Mutiara,-3.0292,119.8819,Asri,-2.52535,120.82405,50
Sulawesi,Mutiara,-3.0292,119.8819,Nirwana,0.48671,122.07034,50
Sulawesi,Mutiara,-3.0292,119.8819,Teratai,-4.81645,119.54193,50
Sulawesi,Mutiara,-3.0292,119.8819,Samudra,-0.81564,120.17009,50
Sulawesi,Mutiara,-3.0292,119.8819,Satria,-3.42045,119.31694,50
Sulawesi,Mutiara,-3.0292,119.8819,Sidoasih,-4.14356,120.03914,50
Sulawesi,Mutiara,-3.0292,119.8819,Arunika,-5.12906,120.25357,50
Sulawesi,Mutiara,-3.0292,119.8819,Kenanga,-5.3974,119.43746,50
Sulawesi,Mutiara,-3.0292,119.8819,Seruni,1.29712,124.8362,50
Sulawesi,Mutiara,-3.0292,119.8819,Mawar,-4.03681,122.48113,50
Sulawesi,Mawar,-4.03681,122.48113,Surya,1.25533,124.63187,50
Sulawesi,Mawar,-4.03681,122.48113,Sagara,-4.40562,119.61877,50
Sulawesi,Mawar,-4.03681,122.48113,Melati,-3.36284,120.36455,50
Sulawesi,Mawar,-4.03681,122.48113,Mentari,1.4711,125.15311,50
Sulawesi,Mawar,-4.03681,122.48113,Harmoni,-5.25188,120.15831,50
Sulawesi,Mawar,-4.03681,122.48113,Rimba,-5.20514,119.46374,50
Sulawesi,Mawar,-4.03681,122.48113,Bunga,-5.70104,119.72147,50
Sulawesi,Mawar,-4.03681,122.48113,Angkasa,-4.07671,121.63507,50
Sulawesi,Mawar,-4.03681,122.48113,Sejahtera,0.72119,124.30148,50
Sulawesi,Mawar,-4.03681,122.48113,Asri,-2.52535,120.82405,50
Sulawesi,Mawar,-4.03681,122.48113,Nirwana,0.48671,122.07034,50
Sulawesi,Mawar,-4.03681,122.48113,Teratai,-4.81645,119.54193,50
Sulawesi,Mawar,-4.03681,122.48113,Samudra,-0.81564,120.17009,50
Sulawesi,Mawar,-4.03681,122.48113,Satria,-3.42045,119.31694,50
Sulawesi,Mawar,-4.03681,122.48113,Sidoasih,-4.14356,120.03914,50
Sulawesi,Mawar,-4.03681,122.48113,Arunika,-5.12906,120.25357,50
Sulawesi,Mawar,-4.03681,122.48113,Kenanga,-5.3974,119.43746,50
Sulawesi,Mawar,-4.03681,122.48113,Seruni,1.29712,124.8362,50
Sulawesi,Mawar,-4.03681,122.48113,Mutiara,-3.0292,119.8819,50
Sulawesi,Pelita,-3.96513,122.50127,Surya,1.25533,124.63187,100
Sulawesi,Pelita,-3.96513,122.50127,Sagara,-4.40562,119.61877,100
Sulawesi,Pelita,-3.96513,122.50127,Melati,-3.36284,120.36455,100
Sulawesi,Pelita,-3.96513,122.50127,Mentari,1.4711,125.15311,100
Sulawesi,Pelita,-3.96513,122.50127,Harmoni,-5.25188,120.15831,100
Sulawesi,Pelita,-3.96513,122.50127,Rimba,-5.20514,119.46374,100
Sulawesi,Pelita,-3.96513,122.50127,Bunga,-5.70104,119.72147,100
Sulawesi,Pelita,-3.96513,122.50127,Angkasa,-4.07671,121.63507,100
Sulawesi,Pelita,-3.96513,122.50127,Sejahtera,0.72119,124.30148,100
Sulawesi,Pelita,-3.96513,122.50127,Asri,-2.52535,120.82405,100
Sulawesi,Pelita,-3.96513,122.50127,Nirwana,0.48671,122.07034,100
Sulawesi,Pelita,-3.96513,122.50127,Teratai,-4.81645,119.54193,100
Sulawesi,Pelita,-3.96513,122.50127,Samudra,-0.81564,120.17009,100
Sulawesi,Pelita,-3.96513,122.50127,Satria,-3.42045,119.31694,100
Sulawesi,Pelita,-3.96513,122.50127,Sidoasih,-4.14356,120.03914,100
Sulawesi,Pelita,-3.96513,122.50127,Arunika,-5.12906,120.25357,100
Sulawesi,Pelita,-3.96513,122.50127,Kenanga,-5.3974,119.43746,100
Sulawesi,Pelita,-3.96513,122.50127,Seruni,1.29712,124.8362,100
Sulawesi,Pelita,-3.96513,122.50127,Mutiara,-3.0292,119.8819,100
Sulawesi,Pelita,-3.96513,122.50127,Mawar,-4.03681,122.48113,100
Sulawesi,Sakura,-5.10404,119.46298,Surya,1.25533,124.63187,100
Sulawesi,Sakura,-5.10404,119.46298,Sagara,-4.40562,119.61877,100
Sulawesi,Sakura,-5.10404,119.46298,Melati,-3.36284,120.36455,100
Sulawesi,Sakura,-5.10404,119.46298,Mentari,1.4711,125.15311,100
Sulawesi,Sakura,-5.10404,119.46298,Harmoni,-5.25188,120.15831,100
Sulawesi,Sakura,-5.10404,119.46298,Rimba,-5.20514,119.46374,100
Sulawesi,Sakura,-5.10404,119.46298,Bunga,-5.70104,119.72147,100
Sulawesi,Sakura,-5.10404,119.46298,Angkasa,-4.07671,121.63507,100
Sulawesi,Sakura,-5.10404,119.46298,Sejahtera,0.72119,124.30148,100
Sulawesi,Sakura,-5.10404,119.46298,Asri,-2.52535,120.82405,100
Sulawesi,Sakura,-5.10404,119.46298,Nirwana,0.48671,122.07034,100
Sulawesi,Sakura,-5.10404,119.46298,Teratai,-4.81645,119.54193,100
Sulawesi,Sakura,-5.10404,119.46298,Samudra,-0.81564,120.17009,100
Sulawesi,Sakura,-5.10404,119.46298,Satria,-3.42045,119.31694,100
Sulawesi,Sakura,-5.10404,119.46298,Sidoasih,-4.14356,120.03914,100
Sulawesi,Sakura,-5.10404,119.46298,Arunika,-5.12906,120.25357,100
Sulawesi,Sakura,-5.10404,119.46298,Kenanga,-5.3974,119.43746,100
Sulawesi,Sakura,-5.10404,119.46298,Seruni,1.29712,124.8362,100
Sulawesi,Sakura,-5.10404,119.46298,Mutiara,-3.0292,119.8819,100
Sulawesi,Sakura,-5.10404,119.46298,Mawar,-4.03681,122.48113,100
Sulawesi,Delima,1.49518,124.86597,Surya,1.25533,124.63187,100
Sulawesi,Delima,1.49518,124.86597,Sagara,-4.40562,119.61877,100
Sulawesi,Delima,1.49518,124.86597,Melati,-3.36284,120.36455,100
Sulawesi,Delima,1.49518,124.86597,Mentari,1.4711,125.15311,100
Sulawesi,Delima,1.49518,124.86597,Harmoni,-5.25188,120.15831,100
Sulawesi,Delima,1.49518,124.86597,Rimba,-5.20514,119.46374,100
Sulawesi,Delima,1.49518,124.86597,Bunga,-5.70104,119.72147,100
Sulawesi,Delima,1.49518,124.86597,Angkasa,-4.07671,121.63507,100
Sulawesi,Delima,1.49518,124.86597,Sejahtera,0.72119,124.30148,100
Sulawesi,Delima,1.49518,124.86597,Asri,-2.52535,120.82405,100
Sulawesi,Delima,1.49518,124.86597,Nirwana,0.48671,122.07034,100
Sulawesi,Delima,1.49518,124.86597,Teratai,-4.81645,119.54193,100
Sulawesi,Delima,1.49518,124.86597,Samudra,-0.81564,120.17009,100
Sulawesi,Delima,1.49518,124.86597,Satria,-3.42045,119.31694,100
Sulawesi,Delima,1.49518,124.86597,Sidoasih,-4.14356,120.03914,100
Sulawesi,Delima,1.49518,124.86597,Arunika,-5.12906,120.25357,100
Sulawesi,Delima,1.49518,124.86597,Kenanga,-5.3974,119.43746,100
Sulawesi,Delima,1.49518,124.86597,Seruni,1.29712,124.8362,100
Sulawesi,Delima,1.49518,124.86597,Mutiara,-3.0292,119.8819,100
Sulawesi,Delima,1.49518,124.86597,Mawar,-4.03681,122.48113,100
Sulawesi,Berlian,-0.8232,119.88515,Surya,1.25533,124.63187,100
Sulawesi,Berlian,-0.8232,119.88515,Sagara,-4.40562,119.61877,100
Sulawesi,Berlian,-0.8232,119.88515,Melati,-3.36284,120.36455,100
Sulawesi,Berlian,-0.8232,119.88515,Mentari,1.4711,125.15311,100
Sulawesi,Berlian,-0.8232,119.88515,Harmoni,-5.25188,120.15831,100
Sulawesi,Berlian,-0.8232,119.88515,Rimba,-5.20514,119.46374,100
Sulawesi,Berlian,-0.8232,119.88515,Bunga,-5.70104,119.72147,100
Sulawesi,Berlian,-0.8232,119.88515,Angkasa,-4.07671,121.63507,100
Sulawesi,Berlian,-0.8232,119.88515,Sejahtera,0.72119,124.30148,100
Sulawesi,Berlian,-0.8232,119.88515,Asri,-2.52535,120.82405,100
Sulawesi,Berlian,-0.8232,119.88515,Nirwana,0.48671,122.07034,100
Sulawesi,Berlian,-0.8232,119.88515,Teratai,-4.81645,119.54193,100
Sulawesi,Berlian,-0.8232,119.88515,Samudra,-0.81564,120.17009,100
Sulawesi,Berlian,-0.8232,119.88515,Satria,-3.42045,119.31694,100
Sulawesi,Berlian,-0.8232,119.88515,Sidoasih,-4.14356,120.03914,100
Sulawesi,Berlian,-0.8232,119.88515,Arunika,-5.12906,120.25357,100
Sulawesi,Berlian,-0.8232,119.88515,Kenanga,-5.3974,119.43746,100
Sulawesi,Berlian,-0.8232,119.88515,Seruni,1.29712,124.8362,100
Sulawesi,Berlian,-0.8232,119.88515,Mutiara,-3.0292,119.8819,100
Sulawesi,Berlian,-0.8232,119.88515,Mawar,-4.03681,122.48113,100
Sulawesi,Jati,-5.48159,122.58,Surya,1.25533,124.63187,100
Sulawesi,Jati,-5.48159,122.58,Sagara,-4.40562,119.61877,100
Sulawesi,Jati,-5.48159,122.58,Melati,-3.36284,120.36455,100
Sulawesi,Jati,-5.48159,122.58,Mentari,1.4711,125.15311,100
Sulawesi,Jati,-5.48159,122.58,Harmoni,-5.25188,120.15831,100
Sulawesi,Jati,-5.48159,122.58,Rimba,-5.20514,119.46374,100
Sulawesi,Jati,-5.48159,122.58,Bunga,-5.70104,119.72147,100
Sulawesi,Jati,-5.48159,122.58,Angkasa,-4.07671,121.63507,100
Sulawesi,Jati,-5.48159,122.58,Sejahtera,0.72119,124.30148,100
Sulawesi,Jati,-5.48159,122.58,Asri,-2.52535,120.82405,100
Sulawesi,Jati,-5.48159,122.58,Nirwana,0.48671,122.07034,100
Sulawesi,Jati,-5.48159,122.58,Teratai,-4.81645,119.54193,100
Sulawesi,Jati,-5.48159,122.58,Samudra,-0.81564,120.17009,100
Sulawesi,Jati,-5.48159,122.58,Satria,-3.42045,119.31694,100
Sulawesi,Jati,-5.48159,122.58,Sidoasih,-4.14356,120.03914,100
Sulawesi,Jati,-5.48159,122.58,Arunika,-5.12906,120.25357,100
Sulawesi,Jati,-5.48159,122.58,Kenanga,-5.3974,119.43746,100
Sulawesi,Jati,-5.48159,122.58,Seruni,1.29712,124.8362,100
Sulawesi,Jati,-5.48159,122.58,Mutiara,-3.0292,119.8819,100
Sulawesi,Jati,-5.48159,122.58,Mawar,-4.03681,122.48113,100
Sulawesi,Rajawali,-4.55181,120.3264,Surya,1.25533,124.63187,100
Sulawesi,Rajawali,-4.55181,120.3264,Sagara,-4.40562,119.61877,100
Sulawesi,Rajawali,-4.55181,120.3264,Melati,-3.36284,120.36455,100
Sulawesi,Rajawali,-4.55181,120.3264,Mentari,1.4711,125.15311,100
Sulawesi,Rajawali,-4.55181,120.3264,Harmoni,-5.25188,120.15831,100
Sulawesi,Rajawali,-4.55181,120.3264,Rimba,-5.20514,119.46374,100
Sulawesi,Rajawali,-4.55181,120.3264,Bunga,-5.70104,119.72147,100
Sulawesi,Rajawali,-4.55181,120.3264,Angkasa,-4.07671,121.63507,100
Sulawesi,Rajawali,-4.55181,120.3264,Sejahtera,0.72119,124.30148,100
Sulawesi,Rajawali,-4.55181,120.3264,Asri,-2.52535,120.82405,100
Sulawesi,Rajawali,-4.55181,120.3264,Nirwana,0.48671,122.07034,100
Sulawesi,Rajawali,-4.55181,120.3264,Teratai,-4.81645,119.54193,100
Sulawesi,Rajawali,-4.55181,120.3264,Samudra,-0.81564,120.17009,100
Sulawesi,Rajawali,-4.55181,120.3264,Satria,-3.42045,119.31694,100
Sulawesi,Rajawali,-4.55181,120.3264,Sidoasih,-4.14356,120.03914,100
Sulawesi,Rajawali,-4.55181,120.3264,Arunika,-5.12906,120.25357,100
Sulawesi,Rajawali,-4.55181,120.3264,Kenanga,-5.3974,119.43746,100
Sulawesi,Rajawali,-4.55181,120.3264,Seruni,1.29712,124.8362,100
Sulawesi,Rajawali,-4.55181,120.3264,Mutiara,-3.0292,119.8819,100
Sulawesi,Rajawali,-4.55181,120.3264,Mawar,-4.03681,122.48113,100
Sulawesi,Perkasa,0.62005,123.02368,Surya,1.25533,124.63187,100
Sulawesi,Perkasa,0.62005,123.02368,Sagara,-4.40562,119.61877,100
Sulawesi,Perkasa,0.62005,123.02368,Melati,-3.36284,120.36455,100
Sulawesi,Perkasa,0.62005,123.02368,Mentari,1.4711,125.15311,100
Sulawesi,Perkasa,0.62005,123.02368,Harmoni,-5.25188,120.15831,100
Sulawesi,Perkasa,0.62005,123.02368,Rimba,-5.20514,119.46374,100
Sulawesi,Perkasa,0.62005,123.02368,Bunga,-5.70104,119.72147,100
Sulawesi,Perkasa,0.62005,123.02368,Angkasa,-4.07671,121.63507,100
Sulawesi,Perkasa,0.62005,123.02368,Sejahtera,0.72119,124.30148,100
Sulawesi,Perkasa,0.62005,123.02368,Asri,-2.52535,120.82405,100
Sulawesi,Perkasa,0.62005,123.02368,Nirwana,0.48671,122.07034,100
Sulawesi,Perkasa,0.62005,123.02368,Teratai,-4.81645,119.54193,100
Sulawesi,Perkasa,0.62005,123.02368,Samudra,-0.81564,120.17009,100
Sulawesi,Perkasa,0.62005,123.02368,Satria,-3.42045,119.31694,100
Sulawesi,Perkasa,0.62005,123.02368,Sidoasih,-4.14356,120.03914,100
Sulawesi,Perkasa,0.62005,123.02368,Arunika,-5.12906,120.25357,100
Sulawesi,Perkasa,0.62005,123.02368,Kenanga,-5.3974,119.43746,100
Sulawesi,Perkasa,0.62005,123.02368,Seruni,1.29712,124.8362,100
Sulawesi,Perkasa,0.62005,123.02368,Mutiara,-3.0292,119.8819,100
Sulawesi,Perkasa,0.62005,123.02368,Mawar,-4.03681,122.48113,100
Sulawesi,Srikandi,-0.96424,122.78153,Surya,1.25533,124.63187,100
Sulawesi,Srikandi,-0.96424,122.78153,Sagara,-4.40562,119.61877,100
Sulawesi,Srikandi,-0.96424,122.78153,Melati,-3.36284,120.36455,100
Sulawesi,Srikandi,-0.96424,122.78153,Mentari,1.4711,125.15311,100
Sulawesi,Srikandi,-0.96424,122.78153,Harmoni,-5.25188,120.15831,100
Sulawesi,Srikandi,-0.96424,122.78153,Rimba,-5.20514,119.46374,100
Sulawesi,Srikandi,-0.96424,122.78153,Bunga,-5.70104,119.72147,100
Sulawesi,Srikandi,-0.96424,122.78153,Angkasa,-4.07671,121.63507,100
Sulawesi,Srikandi,-0.96424,122.78153,Sejahtera,0.72119,124.30148,100
Sulawesi,Srikandi,-0.96424,122.78153,Asri,-2.52535,120.82405,100
Sulawesi,Srikandi,-0.96424,122.78153,Nirwana,0.48671,122.07034,100
Sulawesi,Srikandi,-0.96424,122.78153,Teratai,-4.81645,119.54193,100
Sulawesi,Srikandi,-0.96424,122.78153,Samudra,-0.81564,120.17009,100
Sulawesi,Srikandi,-0.96424,122.78153,Satria,-3.42045,119.31694,100
Sulawesi,Srikandi,-0.96424,122.78153,Sidoasih,-4.14356,120.03914,100
Sulawesi,Srikandi,-0.96424,122.78153,Arunika,-5.12906,120.25357,100
Sulawesi,Srikandi,-0.96424,122.78153,Kenanga,-5.3974,119.43746,100
Sulawesi,Srikandi,-0.96424,122.78153,Seruni,1.29712,124.8362,100
Sulawesi,Srikandi,-0.96424,122.78153,Mutiara,-3.0292,119.8819,100
Sulawesi,Srikandi,-0.96424,122.78153,Mawar,-4.03681,122.48113,100
Sulawesi,Bangkit,-2.68747,118.89864,Surya,1.25533,124.63187,100
Sulawesi,Bangkit,-2.68747,118.89864,Sagara,-4.40562,119.61877,100
Sulawesi,Bangkit,-2.68747,118.89864,Melati,-3.36284,120.36455,100
Sulawesi,Bangkit,-2.68747,118.89864,Mentari,1.4711,125.15311,100
Sulawesi,Bangkit,-2.68747,118.89864,Harmoni,-5.25188,120.15831,100
Sulawesi,Bangkit,-2.68747,118.89864,Rimba,-5.20514,119.46374,100
Sulawesi,Bangkit,-2.68747,118.89864,Bunga,-5.70104,119.72147,100
Sulawesi,Bangkit,-2.68747,118.89864,Angkasa,-4.07671,121.63507,100
Sulawesi,Bangkit,-2.68747,118.89864,Sejahtera,0.72119,124.30148,100
Sulawesi,Bangkit,-2.68747,118.89864,Asri,-2.52535,120.82405,100
Sulawesi,Bangkit,-2.68747,118.89864,Nirwana,0.48671,122.07034,100
Sulawesi,Bangkit,-2.68747,118.89864,Teratai,-4.81645,119.54193,100
Sulawesi,Bangkit,-2.68747,118.89864,Samudra,-0.81564,120.17009,100
Sulawesi,Bangkit,-2.68747,118.89864,Satria,-3.42045,119.31694,100
Sulawesi,Bangkit,-2.68747,118.89864,Sidoasih,-4.14356,120.03914,100
Sulawesi,Bangkit,-2.68747,118.89864,Arunika,-5.12906,120.25357,100
Sulawesi,Bangkit,-2.68747,118.89864,Kenanga,-5.3974,119.43746,100
Sulawesi,Bangkit,-2.68747,118.89864,Seruni,1.29712,124.8362,100
Sulawesi,Bangkit,-2.68747,118.89864,Mutiara,-3.0292,119.8819,100
Sulawesi,Bangkit,-2.68747,118.89864,Mawar,-4.03681,122.48113,100
Sulawesi,Bahagia,-3.00675,120.20264,Surya,1.25533,124.63187,100
Sulawesi,Bahagia,-3.00675,120.20264,Sagara,-4.40562,119.61877,100
Sulawesi,Bahagia,-3.00675,120.20264,Melati,-3.36284,120.36455,100
Sulawesi,Bahagia,-3.00675,120.20264,Mentari,1.4711,125.15311,100
Sulawesi,Bahagia,-3.00675,120.20264,Harmoni,-5.25188,120.15831,100
Sulawesi,Bahagia,-3.00675,120.20264,Rimba,-5.20514,119.46374,100
Sulawesi,Bahagia,-3.00675,120.20264,Bunga,-5.70104,119.72147,100
Sulawesi,Bahagia,-3.00675,120.20264,Angkasa,-4.07671,121.63507,100
Sulawesi,Bahagia,-3.00675,120.20264,Sejahtera,0.72119,124.30148,100
Sulawesi,Bahagia,-3.00675,120.20264,Asri,-2.52535,120.82405,100
Sulawesi,Bahagia,-3.00675,120.20264,Nirwana,0.48671,122.07034,100
Sulawesi,Bahagia,-3.00675,120.20264,Teratai,-4.81645,119.54193,100
Sulawesi,Bahagia,-3.00675,120.20264,Samudra,-0.81564,120.17009,100
Sulawesi,Bahagia,-3.00675,120.20264,Satria,-3.42045,119.31694,100
Sulawesi,Bahagia,-3.00675,120.20264,Sidoasih,-4.14356,120.03914,100
Sulawesi,Bahagia,-3.00675,120.20264,Arunika,-5.12906,120.25357,100
Sulawesi,Bahagia,-3.00675,120.20264,Kenanga,-5.3974,119.43746,100
Sulawesi,Bahagia,-3.00675,120.20264,Seruni,1.29712,124.8362,100
Sulawesi,Bahagia,-3.00675,120.20264,Mutiara,-3.0292,119.8819,100
Sulawesi,Bahagia,-3.00675,120.20264,Mawar,-4.03681,122.48113,100
Sulawesi,Madani,-3.97929,119.65472,Surya,1.25533,124.63187,100
Sulawesi,Madani,-3.97929,119.65472,Sagara,-4.40562,119.61877,100
Sulawesi,Madani,-3.97929,119.65472,Melati,-3.36284,120.36455,100
Sulawesi,Madani,-3.97929,119.65472,Mentari,1.4711,125.15311,100
Sulawesi,Madani,-3.97929,119.65472,Harmoni,-5.25188,120.15831,100
Sulawesi,Madani,-3.97929,119.65472,Rimba,-5.20514,119.46374,100
Sulawesi,Madani,-3.97929,119.65472,Bunga,-5.70104,119.72147,100
Sulawesi,Madani,-3.97929,119.65472,Angkasa,-4.07671,121.63507,100
Sulawesi,Madani,-3.97929,119.65472,Sejahtera,0.72119,124.30148,100
Sulawesi,Madani,-3.97929,119.65472,Asri,-2.52535,120.82405,100
Sulawesi,Madani,-3.97929,119.65472,Nirwana,0.48671,122.07034,100
Sulawesi,Madani,-3.97929,119.65472,Teratai,-4.81645,119.54193,100
Sulawesi,Madani,-3.97929,119.65472,Samudra,-0.81564,120.17009,100
Sulawesi,Madani,-3.97929,119.65472,Satria,-3.42045,119.31694,100
Sulawesi,Madani,-3.97929,119.65472,Sidoasih,-4.14356,120.03914,100
Sulawesi,Madani,-3.97929,119.65472,Arunika,-5.12906,120.25357,100
Sulawesi,Madani,-3.97929,119.65472,Kenanga,-5.3974,119.43746,100
Sulawesi,Madani,-3.97929,119.65472,Seruni,1.29712,124.8362,100
Sulawesi,Madani,-3.97929,119.65472,Mutiara,-3.0292,119.8819,100
Sulawesi,Madani,-3.97929,119.65472,Mawar,-4.03681,122.48113,100
Sulawesi,Pelangi,-1.38101,120.76128,Surya,1.25533,124.63187,100
Sulawesi,Pelangi,-1.38101,120.76128,Sagara,-4.40562,119.61877,100
Sulawesi,Pelangi,-1.38101,120.76128,Melati,-3.36284,120.36455,100
Sulawesi,Pelangi,-1.38101,120.76128,Mentari,1.4711,125.15311,100
Sulawesi,Pelangi,-1.38101,120.76128,Harmoni,-5.25188,120.15831,100
Sulawesi,Pelangi,-1.38101,120.76128,Rimba,-5.20514,119.46374,100
Sulawesi,Pelangi,-1.38101,120.76128,Bunga,-5.70104,119.72147,100
Sulawesi,Pelangi,-1.38101,120.76128,Angkasa,-4.07671,121.63507,100
Sulawesi,Pelangi,-1.38101,120.76128,Sejahtera,0.72119,124.30148,100
Sulawesi,Pelangi,-1.38101,120.76128,Asri,-2.52535,120.82405,100
Sulawesi,Pelangi,-1.38101,120.76128,Nirwana,0.48671,122.07034,100
Sulawesi,Pelangi,-1.38101,120.76128,Teratai,-4.81645,119.54193,100
Sulawesi,Pelangi,-1.38101,120.76128,Samudra,-0.81564,120.17009,100
Sulawesi,Pelangi,-1.38101,120.76128,Satria,-3.42045,119.31694,100
Sulawesi,Pelangi,-1.38101,120.76128,Sidoasih,-4.14356,120.03914,100
Sulawesi,Pelangi,-1.38101,120.76128,Arunika,-5.12906,120.25357,100
Sulawesi,Pelangi,-1.38101,120.76128,Kenanga,-5.3974,119.43746,100
Sulawesi,Pelangi,-1.38101,120.76128,Seruni,1.29712,124.8362,100
Sulawesi,Pelangi,-1.38101,120.76128,Mutiara,-3.0292,119.8819,100
Sulawesi,Pelangi,-1.38101,120.76128,Mawar,-4.03681,122.48113,100
