Distributor Area,Origin Area,Origin Latitude,Longitude_x,Destination Area,Destination Latitude,Destination Longitude,Volume (CS),Distance_km
Kalimantan,Barabai,-2.581936,115.390569,Ampah - Teweh ,-0.935414,114.901123,50,190.03479163103287
Kalimantan,Batulicin,-3.455801,11.599749,Ampah - Teweh ,-0.935414,114.901123,50,11490.071761850995
Kalimantan,Bontang-Sangata,0.505968,117.532558,Ampah - Teweh ,-0.935414,114.901123,50,333.47299749364043
Kalimantan,Ketapang,-0.015698,1.105215,Ampah - Teweh ,-0.935414,114.901123,50,12667.29367585202
Kalimantan,Pangkalanbun ,-2.684718,111.631067,Ampah - Teweh ,-0.935414,114.901123,50,412.04959613905
Kalimantan,Penajam-Grogot,-1.905754,116.197743,Ampah - Teweh ,-0.935414,114.901123,50,179.8133551800864
Kalimantan,Rantau,-2.934015,11.514198,Ampah - Teweh ,-0.935414,114.901123,50,11501.320897339781
Kalimantan,Singkawang,0.906,1.089872,Ampah - Teweh ,-0.935414,114.901123,50,12670.464740262143
Kalimantan,Sintang,-0.1378,1.128106,Ampah - Teweh ,-0.935414,114.901123,50,12664.497042729785
Kalimantan,Balikpapan,-1.249963,116.868785,Ampah - Teweh ,-0.935414,114.901123,100,221.74403634144994
Kalimantan,Banjarmasin,-3.330249,114.595582,Ampah - Teweh ,-0.935414,114.901123,100,266.98329867520073
Kalimantan,Berau,2.138839,117.492022,Ampah - Teweh ,-0.935414,114.901123,100,445.7703489184372
Kalimantan,Bontang,0.121456,117.484766,Ampah - Teweh ,-0.935414,114.901123,100,310.4349063698274
Kalimantan,Palangkaraya,-2.218321,113.900455,Ampah - Teweh ,-0.935414,114.901123,100,180.33949613417292
Kalimantan,Pontianak,-0.03109,1.093425,Ampah - Teweh ,-0.935414,114.901123,100,12668.575253120523
Kalimantan,Samarinda,-0.502298,117.161801,Ampah - Teweh ,-0.935414,114.901123,100,256.15407183565753
Kalimantan,Sampit,-2.538901,112.956601,Ampah - Teweh ,-0.935414,114.901123,100,279.7283928904914
Kalimantan,Tarakan,0.334307,117.576925,Ampah - Teweh ,-0.935414,114.901123,100,329.2895667475223
Sulawesi,Barru,-0.440562,11.961877,Amurang,0.125533,12.463187,50,83.85950741892076
Sulawesi,Belopa,-0.336284,12.036455,Amurang,0.125533,12.463187,50,69.7439182726305
Sulawesi,Bitung,0.014711,12.515311,Amurang,0.125533,12.463187,50,13.55839351719646
Sulawesi,Bulukumba,-0.525188,12.015831,Amurang,0.125533,12.463187,50,87.50522878146772
Sulawesi,Gowa,-0.520514,11.946374,Amurang,0.125533,12.463187,50,91.72193568628705
Sulawesi,Jeneponto,-0.570104,11.972147,Amurang,0.125533,12.463187,50,94.36371110305484
Sulawesi,Kolaka,-0.407671,12.163507,Amurang,0.125533,12.463187,50,67.7422528207005
Sulawesi,Kotamobagu,0.72119,12.430148,Amurang,0.125533,12.463187,50,65.96698410548355
Sulawesi,Mangkutana,-0.252535,12.082405,Amurang,0.125533,12.463187,50,59.5348393148543
Sulawesi,Marisa,0.48671,12.207034,Amurang,0.125533,12.463187,50,49.07163272660827
Sulawesi,Pangkep,-0.481645,11.954193,Amurang,0.125533,12.463187,50,87.8518733122892
Sulawesi,Parigi,-0.81564,12.017009,Amurang,0.125533,12.463187,50,115.31381181096671
Sulawesi,Polman,-0.342045,11.931694,Amurang,0.125533,12.463187,50,78.57248721558253
Sulawesi,Sengkang,-0.414356,12.003914,Amurang,0.125533,12.463187,50,78.59814510586713
Sulawesi,Sinjai,-0.512906,12.025357,Amurang,0.125533,12.463187,50,85.78511705077773
Sulawesi,Takalar,-0.053974,11.943746,Amurang,0.125533,12.463187,50,61.13572928655286
Sulawesi,Tomohon,0.129712,1.248362,Amurang,0.125533,12.463187,50,1248.425607374438
Sulawesi,Toraja,-0.030292,1.198819,Amurang,0.125533,12.463187,50,1254.0612675807695
Sulawesi,Unaaha,-0.403681,12.248113,Amurang,0.125533,12.463187,50,63.225801160492004
Sulawesi,Kendari,-0.396513,12.250127,Amurang,0.125533,12.463187,100,62.40740239438829
Sulawesi,Makassar,-0.510404,11.946298,Amurang,0.125533,12.463187,100,90.85935146670158
Sulawesi,Manado,0.149518,12.486597,Amurang,0.125533,12.463187,100,3.7181855412276446
Sulawesi,Palu,-0.8232,11.988515,Amurang,0.125533,12.463187,100,117.4610363444474
Sulawesi,Bau-Bau,-0.548159,122.58,Amurang,0.125533,12.463187,100,12258.175209099738
Sulawesi,Bone,-0.455181,1.203264,Amurang,0.125533,12.463187,100,1255.082066025168
Sulawesi,Gorontalo,0.62005,12.302368,Amurang,0.125533,12.463187,100,57.53673416251463
Sulawesi,Luwuk,-0.96424,12.278153,Amurang,0.125533,12.463187,100,122.24859736956707
Sulawesi,Mamuju,-0.268747,11.889864,Amurang,0.125533,12.463187,100,77.29131124489479
Sulawesi,Palopo,-0.300675,12.020264,Amurang,0.125533,12.463187,100,68.2061290843973
Sulawesi,Pare-Pare,-0.397929,11.965472,Amurang,0.125533,12.463187,100,80.12476959006233
Sulawesi,Poso,-0.138101,12.076128,Amurang,0.125533,12.463187,100,52.022046975579855
Kalimantan,Banjarmasin,-3.330249,114.595582,Balikpapan,-1.249963,116.868785,1000,341.81932854564036
Kalimantan,Berau,2.138839,117.492022,Balikpapan,-1.249963,116.868785,1000,381.08201554843356
Kalimantan,Bontang,0.121456,117.484766,Balikpapan,-1.249963,116.868785,1000,166.42455049510502
Kalimantan,Palangkaraya,-2.218321,113.900455,Balikpapan,-1.249963,116.868785,1000,347.2022496130496
Kalimantan,Pontianak,-0.03109,1.093425,Balikpapan,-1.249963,116.868785,1000,12887.232231190803
Kalimantan,Samarinda,-0.502298,117.161801,Balikpapan,-1.249963,116.868785,1000,88.87337239275861
Kalimantan,Sampit,-2.538901,112.956601,Balikpapan,-1.249963,116.868785,1000,457.997522905023
Kalimantan,Tarakan,0.334307,117.576925,Balikpapan,-1.249963,116.868785,1000,192.09707455752587
Kalimantan,Balikpapan,-1.249963,116.868785,Banjarmasin,-3.330249,114.595582,1000,341.81932854564036
Kalimantan,Berau,2.138839,117.492022,Banjarmasin,-3.330249,114.595582,1000,685.2656546838737
Kalimantan,Bontang,0.121456,117.484766,Banjarmasin,-3.330249,114.595582,1000,499.00334032670884
Kalimantan,Palangkaraya,-2.218321,113.900455,Banjarmasin,-3.330249,114.595582,1000,145.2284571268395
Kalimantan,Pontianak,-0.03109,1.093425,Banjarmasin,-3.330249,114.595582,1000,12630.063511429164
Kalimantan,Samarinda,-0.502298,117.161801,Banjarmasin,-3.330249,114.595582,1000,423.4186305032907
Kalimantan,Sampit,-2.538901,112.956601,Banjarmasin,-3.330249,114.595582,1000,202.13394006883573
Kalimantan,Tarakan,0.334307,117.576925,Banjarmasin,-3.330249,114.595582,1000,523.6680471573925
Kalimantan,Ampah - Teweh ,-0.935414,114.901123,Barabai,-2.581936,115.390569,50,190.03479163103287
Kalimantan,Batulicin,-3.455801,11.599749,Barabai,-2.581936,115.390569,50,11531.76487528139
Kalimantan,Bontang-Sangata,0.505968,117.532558,Barabai,-2.581936,115.390569,50,416.42327912499275
Kalimantan,Ketapang,-0.015698,1.105215,Barabai,-2.581936,115.390569,50,12719.157676777979
Kalimantan,Pangkalanbun ,-2.684718,111.631067,Barabai,-2.581936,115.390569,50,418.22110774331117
Kalimantan,Penajam-Grogot,-1.905754,116.197743,Barabai,-2.581936,115.390569,50,116.84120446385235
Kalimantan,Rantau,-2.934015,11.514198,Barabai,-2.581936,115.390569,50,11544.730299014436
Kalimantan,Singkawang,0.906,1.089872,Barabai,-2.581936,115.390569,50,12725.53671635498
Kalimantan,Sintang,-0.1378,1.128106,Barabai,-2.581936,115.390569,50,12715.937559740238
Kalimantan,Balikpapan,-1.249963,116.868785,Barabai,-2.581936,115.390569,100,220.76979001249256
Kalimantan,Banjarmasin,-3.330249,114.595582,Barabai,-2.581936,115.390569,100,121.07014320900089
Kalimantan,Berau,2.138839,117.492022,Barabai,-2.581936,115.390569,100,571.9931973271367
Kalimantan,Bontang,0.121456,117.484766,Barabai,-2.581936,115.390569,100,379.0382680477351
Kalimantan,Palangkaraya,-2.218321,113.900455,Barabai,-2.581936,115.390569,100,170.54132126337944
Kalimantan,Pontianak,-0.03109,1.093425,Barabai,-2.581936,115.390569,100,12720.384128028372
Kalimantan,Samarinda,-0.502298,117.161801,Barabai,-2.581936,115.390569,100,302.86098653494935
Kalimantan,Sampit,-2.538901,112.956601,Barabai,-2.581936,115.390569,100,270.72117014512287
Kalimantan,Tarakan,0.334307,117.576925,Barabai,-2.581936,115.390569,100,403.9592614249805
Sulawesi,Amurang,0.125533,12.463187,Barru,-0.440562,11.961877,50,83.85950741892076
Sulawesi,Belopa,-0.336284,12.036455,Barru,-0.440562,11.961877,50,14.208149797042559
Sulawesi,Bitung,0.014711,12.515311,Barru,-0.440562,11.961877,50,79.55965350970817
Sulawesi,Bulukumba,-0.525188,12.015831,Barru,-0.440562,11.961877,50,11.119047875810649
Sulawesi,Gowa,-0.520514,11.946374,Barru,-0.440562,11.961877,50,9.00750009743867
Sulawesi,Jeneponto,-0.570104,11.972147,Barru,-0.440562,11.961877,50,14.369571593282085
Sulawesi,Kolaka,-0.407671,12.163507,Barru,-0.440562,11.961877,50,22.737486690036025
Sulawesi,Kotamobagu,0.72119,12.430148,Barru,-0.440562,11.961877,50,138.63312374741616
Sulawesi,Mangkutana,-0.252535,12.082405,Barru,-0.440562,11.961877,50,24.744215269488137
Sulawesi,Marisa,0.48671,12.207034,Barru,-0.440562,11.961877,50,106.10218056634415
Sulawesi,Pangkep,-0.481645,11.954193,Barru,-0.440562,11.961877,50,4.622551779115221
Sulawesi,Parigi,-0.81564,12.017009,Barru,-0.440562,11.961877,50,41.92560734036423
Sulawesi,Polman,-0.342045,11.931694,Barru,-0.440562,11.961877,50,11.399827007871496
Sulawesi,Sengkang,-0.414356,12.003914,Barru,-0.440562,11.961877,50,5.503961221605779
Sulawesi,Sinjai,-0.512906,12.025357,Barru,-0.440562,11.961877,50,10.67347664916156
Sulawesi,Takalar,-0.053974,11.943746,Barru,-0.440562,11.961877,50,42.79431913122829
Sulawesi,Tomohon,0.129712,1.248362,Barru,-0.440562,11.961877,50,1194.2796452684809
Sulawesi,Toraja,-0.030292,1.198819,Barru,-0.440562,11.961877,50,1198.9840541300746
Sulawesi,Unaaha,-0.403681,12.248113,Barru,-0.440562,11.961877,50,32.122701985335375
Sulawesi,Kendari,-0.396513,12.250127,Barru,-0.440562,11.961877,100,32.454563147218046
Sulawesi,Makassar,-0.510404,11.946298,Barru,-0.440562,11.961877,100,7.915050442895145
Sulawesi,Manado,0.149518,12.486597,Barru,-0.440562,11.961877,100,87.57350326056664
Sulawesi,Palu,-0.8232,11.988515,Barru,-0.440562,11.961877,100,42.413746526029755
Sulawesi,Bau-Bau,-0.548159,122.58,Barru,-0.440562,11.961877,100,12313.27315431125
Sulawesi,Bone,-0.455181,1.203264,Barru,-0.440562,11.961877,100,1197.6079560218025
Sulawesi,Gorontalo,0.62005,12.302368,Barru,-0.440562,11.961877,100,123.2492523412139
Sulawesi,Luwuk,-0.96424,12.278153,Barru,-0.440562,11.961877,100,67.76742221090645
Sulawesi,Mamuju,-0.268747,11.889864,Barru,-0.440562,11.961877,100,20.620315237684945
Sulawesi,Palopo,-0.300675,12.020264,Barru,-0.440562,11.961877,100,16.777944360436926
Sulawesi,Pare-Pare,-0.397929,11.965472,Barru,-0.440562,11.961877,100,4.731070979630235
Sulawesi,Poso,-0.138101,12.076128,Barru,-0.440562,11.961877,100,35.78101746708081
Kalimantan,Ampah - Teweh ,-0.935414,114.901123,Batulicin,-3.455801,11.599749,50,11490.071761850995
Kalimantan,Barabai,-2.581936,115.390569,Batulicin,-3.455801,11.599749,50,11531.76487528139
Kalimantan,Bontang-Sangata,0.505968,117.532558,Batulicin,-3.455801,11.599749,50,11792.461050262717
Kalimantan,Ketapang,-0.015698,1.105215,Batulicin,-3.455801,11.599749,50,1227.941887408686
Kalimantan,Pangkalanbun ,-2.684718,111.631067,Batulicin,-3.455801,11.599749,50,11113.951808451826
Kalimantan,Penajam-Grogot,-1.905754,116.197743,Batulicin,-3.455801,11.599749,50,11626.70400125645
Kalimantan,Rantau,-2.934015,11.514198,Batulicin,-3.455801,11.599749,50,58.47619684328281
Kalimantan,Singkawang,0.906,1.089872,Batulicin,-3.455801,11.599749,50,1264.9429815548208
Kalimantan,Sintang,-0.1378,1.128106,Batulicin,-3.455801,11.599749,50,1221.3726878408327
Kalimantan,Balikpapan,-1.249963,116.868785,Batulicin,-3.455801,11.599749,100,11706.247298329428
Kalimantan,Banjarmasin,-3.330249,114.595582,Batulicin,-3.455801,11.599749,100,11437.48709189013
Kalimantan,Berau,2.138839,117.492022,Batulicin,-3.455801,11.599749,100,11798.046309575635
Kalimantan,Bontang,0.121456,117.484766,Batulicin,-3.455801,11.599749,100,11784.557842154785
Kalimantan,Palangkaraya,-2.218321,113.900455,Batulicin,-3.455801,11.599749,100,11369.334332203922
Kalimantan,Pontianak,-0.03109,1.093425,Batulicin,-3.455801,11.599749,100,1228.6604214545193
Kalimantan,Samarinda,-0.502298,117.161801,Batulicin,-3.455801,11.599749,100,11744.301729687271
Kalimantan,Sampit,-2.538901,112.956601,Batulicin,-3.455801,11.599749,100,11262.123984225918
Kalimantan,Tarakan,0.334307,117.576925,Batulicin,-3.455801,11.599749,100,11796.243203936905
Sulawesi,Kendari,-0.396513,12.250127,Bau-Bau,-0.548159,122.58,500,12281.252057771862
Sulawesi,Makassar,-0.510404,11.946298,Bau-Bau,-0.548159,122.58,500,12314.903804094773
Sulawesi,Manado,0.149518,12.486597,Bau-Bau,-0.548159,122.58,500,12255.593964033269
Sulawesi,Palu,-0.8232,11.988515,Bau-Bau,-0.548159,122.58,500,12309.698050106375
Sulawesi,Bone,-0.455181,1.203264,Bau-Bau,-0.548159,122.58,200,13510.729381858182
Sulawesi,Gorontalo,0.62005,12.302368,Bau-Bau,-0.548159,122.58,200,12276.500219793903
Sulawesi,Luwuk,-0.96424,12.278153,Bau-Bau,-0.548159,122.58,200,12277.21257656418
Sulawesi,Mamuju,-0.268747,11.889864,Bau-Bau,-0.548159,122.58,200,12321.527915151206
Sulawesi,Palopo,-0.300675,12.020264,Bau-Bau,-0.548159,122.58,200,12306.970332018456
Sulawesi,Pare-Pare,-0.397929,11.965472,Bau-Bau,-0.548159,122.58,200,12312.934332621713
Sulawesi,Poso,-0.138101,12.076128,Bau-Bau,-0.548159,122.58,200,12300.96173118423
Sulawesi,Amurang,0.125533,12.463187,Belopa,-0.336284,12.036455,50,69.7439182726305
Sulawesi,Barru,-0.440562,11.961877,Belopa,-0.336284,12.036455,50,14.208149797042559
Sulawesi,Bitung,0.014711,12.515311,Belopa,-0.336284,12.036455,50,65.93780915741651
Sulawesi,Bulukumba,-0.525188,12.015831,Belopa,-0.336284,12.036455,50,21.013721031028737
Sulawesi,Gowa,-0.520514,11.946374,Belopa,-0.336284,12.036455,50,22.705344373440386
Sulawesi,Jeneponto,-0.570104,11.972147,Belopa,-0.336284,12.036455,50,26.827207510914896
Sulawesi,Kolaka,-0.407671,12.163507,Belopa,-0.336284,12.036455,50,16.196752069916204
Sulawesi,Kotamobagu,0.72119,12.430148,Belopa,-0.336284,12.036455,50,124.87240382056935
Sulawesi,Mangkutana,-0.252535,12.082405,Belopa,-0.336284,12.036455,50,10.579248505417977
Sulawesi,Marisa,0.48671,12.207034,Belopa,-0.336284,12.036455,50,92.96196745949871
Sulawesi,Pangkep,-0.481645,11.954193,Belopa,-0.336284,12.036455,50,18.498665993146112
Sulawesi,Parigi,-0.81564,12.017009,Belopa,-0.336284,12.036455,50,53.0486802071882
Sulawesi,Polman,-0.342045,11.931694,Belopa,-0.336284,12.036455,50,11.67912372339176
Sulawesi,Sengkang,-0.414356,12.003914,Belopa,-0.336284,12.036455,50,9.361948830341479
Sulawesi,Sinjai,-0.512906,12.025357,Belopa,-0.336284,12.036455,50,19.568894834261442
Sulawesi,Takalar,-0.053974,11.943746,Belopa,-0.336284,12.036455,50,32.87796270663233
Sulawesi,Tomohon,0.129712,1.248362,Belopa,-0.336284,12.036455,50,1202.0247007061819
Sulawesi,Toraja,-0.030292,1.198819,Belopa,-0.336284,12.036455,50,1206.906907887011
Sulawesi,Unaaha,-0.403681,12.248113,Belopa,-0.336284,12.036455,50,24.711672009496166
Sulawesi,Kendari,-0.396513,12.250127,Belopa,-0.336284,12.036455,100,24.70013561006525
Sulawesi,Makassar,-0.510404,11.946298,Belopa,-0.336284,12.036455,100,21.711891890644953
Sulawesi,Manado,0.149518,12.486597,Belopa,-0.336284,12.036455,100,73.46078413349674
Sulawesi,Palu,-0.8232,11.988515,Belopa,-0.336284,12.036455,100,54.10425217933316
Sulawesi,Bau-Bau,-0.548159,122.58,Belopa,-0.336284,12.036455,100,12305.119591730321
Sulawesi,Bone,-0.455181,1.203264,Belopa,-0.336284,12.036455,100,1205.9880951669916
Sulawesi,Gorontalo,0.62005,12.302368,Belopa,-0.336284,12.036455,100,109.81084515165706
Sulawesi,Luwuk,-0.96424,12.278153,Belopa,-0.336284,12.036455,100,74.46581606263769
Sulawesi,Mamuju,-0.268747,11.889864,Belopa,-0.336284,12.036455,100,17.945830146894227
Sulawesi,Palopo,-0.300675,12.020264,Belopa,-0.336284,12.036455,100,4.330345291903444
Sulawesi,Pare-Pare,-0.397929,11.965472,Belopa,-0.336284,12.036455,100,10.435441440564677
Sulawesi,Poso,-0.138101,12.076128,Belopa,-0.336284,12.036455,100,22.354531098866435
Kalimantan,Balikpapan,-1.249963,116.868785,Berau,2.138839,117.492022,1000,381.08201554843356
Kalimantan,Banjarmasin,-3.330249,114.595582,Berau,2.138839,117.492022,1000,685.2656546838737
Kalimantan,Bontang,0.121456,117.484766,Berau,2.138839,117.492022,1000,223.07322856705758
Kalimantan,Palangkaraya,-2.218321,113.900455,Berau,2.138839,117.492022,1000,626.0161537984867
Kalimantan,Pontianak,-0.03109,1.093425,Berau,2.138839,117.492022,1000,12955.354374160257
Kalimantan,Samarinda,-0.502298,117.161801,Berau,2.138839,117.492022,1000,294.34649727720716
Kalimantan,Sampit,-2.538901,112.956601,Berau,2.138839,117.492022,1000,722.7023707579852
Kalimantan,Tarakan,0.334307,117.576925,Berau,2.138839,117.492022,1000,199.75951034030567
Bali Nusra,Denpasar,-0.863955,11.520248,BIMA,-0.837759,11.872564,500,39.322174221365316
Bali Nusra,Lombok,-0.859373,11.615876,BIMA,-0.837759,11.872564,500,28.671049035468968
Bali Nusra,Kupang,-1.018017,12.354942,BIMA,-0.837759,11.872564,200,57.27139112246352
Bali Nusra,Maumere,-0.863907,12.227671,BIMA,-0.837759,11.872564,200,39.631608162786414
Bali Nusra,Sumbawa,-0.847856,11.740717,BIMA,-0.837759,11.872564,200,14.717971171588037
Sulawesi,Amurang,0.125533,12.463187,Bitung,0.014711,12.515311,50,13.55839351719646
Sulawesi,Barru,-0.440562,11.961877,Bitung,0.014711,12.515311,50,79.55965350970817
Sulawesi,Belopa,-0.336284,12.036455,Bitung,0.014711,12.515311,50,65.93780915741651
Sulawesi,Bulukumba,-0.525188,12.015831,Bitung,0.014711,12.515311,50,81.58093274984228
Sulawesi,Gowa,-0.520514,11.946374,Bitung,0.014711,12.515311,50,86.68094111486566
Sulawesi,Jeneponto,-0.570104,11.972147,Bitung,0.014711,12.515311,50,88.52963850998171
Sulawesi,Kolaka,-0.407671,12.163507,Bitung,0.014711,12.515311,50,60.95085383628543
Sulawesi,Kotamobagu,0.72119,12.430148,Bitung,0.014711,12.515311,50,78.69156835204257
Sulawesi,Mangkutana,-0.252535,12.082405,Bitung,0.014711,12.515311,50,56.52946545079203
Sulawesi,Marisa,0.48671,12.207034,Bitung,0.014711,12.515311,50,62.4623104395445
Sulawesi,Pangkep,-0.481645,11.954193,Bitung,0.014711,12.515311,50,83.14963245406709
Sulawesi,Parigi,-0.81564,12.017009,Bitung,0.014711,12.515311,50,107.27016608496494
Sulawesi,Polman,-0.342045,11.931694,Bitung,0.014711,12.515311,50,76.00614673813126
Sulawesi,Sengkang,-0.414356,12.003914,Bitung,0.014711,12.515311,50,74.10605219969577
Sulawesi,Sinjai,-0.512906,12.025357,Bitung,0.014711,12.515311,50,79.86456942054033
Sulawesi,Takalar,-0.053974,11.943746,Bitung,0.014711,12.515311,50,64.07799268418678
Sulawesi,Tomohon,0.129712,1.248362,Bitung,0.014711,12.515311,50,1254.2942839570048
Sulawesi,Toraja,-0.030292,1.198819,Bitung,0.014711,12.515311,50,1259.755911469794
Sulawesi,Unaaha,-0.403681,12.248113,Bitung,0.014711,12.515311,50,55.000129183085804
Sulawesi,Kendari,-0.396513,12.250127,Bitung,0.014711,12.515311,100,54.212726659555834
Sulawesi,Makassar,-0.510404,11.946298,Bitung,0.014711,12.515311,100,85.92782372784079
Sulawesi,Manado,0.149518,12.486597,Bitung,0.014711,12.515311,100,15.24504935263943
Sulawesi,Palu,-0.8232,11.988515,Bitung,0.014711,12.515311,100,109.64955488723939
Sulawesi,Bau-Bau,-0.548159,122.58,Bitung,0.014711,12.515311,100,12252.253940533716
Sulawesi,Bone,-0.455181,1.203264,Bitung,0.014711,12.515311,100,1260.310007585166
Sulawesi,Gorontalo,0.62005,12.302368,Bitung,0.014711,12.515311,100,71.00829602598715
Sulawesi,Luwuk,-0.96424,12.278153,Bitung,0.014711,12.515311,100,111.41949114856159
Sulawesi,Mamuju,-0.268747,11.889864,Bitung,0.014711,12.515311,100,76.35393497092466
Sulawesi,Palopo,-0.300675,12.020264,Bitung,0.014711,12.515311,100,65.21559501771627
Sulawesi,Pare-Pare,-0.397929,11.965472,Bitung,0.014711,12.515311,100,76.34261088868023
Sulawesi,Poso,-0.138101,12.076128,Bitung,0.014711,12.515311,100,51.72719549617128
Sulawesi,Kendari,-0.396513,12.250127,Bone,-0.455181,1.203264,500,1229.7143778990571
Sulawesi,Makassar,-0.510404,11.946298,Bone,-0.455181,1.203264,500,1195.8823211356794
Sulawesi,Manado,0.149518,12.486597,Bone,-0.455181,1.203264,500,1257.8230979228651
Sulawesi,Palu,-0.8232,11.988515,Bone,-0.455181,1.203264,500,1201.2216449903422
Sulawesi,Bau-Bau,-0.548159,122.58,Bone,-0.455181,1.203264,200,13510.729381858182
Sulawesi,Gorontalo,0.62005,12.302368,Bone,-0.455181,1.203264,200,1241.2345722336454
Sulawesi,Luwuk,-0.96424,12.278153,Bone,-0.455181,1.203264,200,1234.0371707475163
Sulawesi,Mamuju,-0.268747,11.889864,Bone,-0.455181,1.203264,200,1189.781304643158
Sulawesi,Palopo,-0.300675,12.020264,Bone,-0.455181,1.203264,200,1204.2376648549562
Sulawesi,Pare-Pare,-0.397929,11.965472,Bone,-0.455181,1.203264,200,1198.0271147211004
Sulawesi,Poso,-0.138101,12.076128,Bone,-0.455181,1.203264,200,1210.8516972189589
Kalimantan,Balikpapan,-1.249963,116.868785,Bontang,0.121456,117.484766,1000,166.42455049510502
Kalimantan,Banjarmasin,-3.330249,114.595582,Bontang,0.121456,117.484766,1000,499.00334032670884
Kalimantan,Berau,2.138839,117.492022,Bontang,0.121456,117.484766,1000,223.07322856705758
Kalimantan,Palangkaraya,-2.218321,113.900455,Bontang,0.121456,117.484766,1000,475.46315397948456
Kalimantan,Pontianak,-0.03109,1.093425,Bontang,0.121456,117.484766,1000,12956.625318498338
Kalimantan,Samarinda,-0.502298,117.161801,Bontang,0.121456,117.484766,1000,77.77893070213044
Kalimantan,Sampit,-2.538901,112.956601,Bontang,0.121456,117.484766,1000,583.4956633532341
Kalimantan,Tarakan,0.334307,117.576925,Bontang,0.121456,117.484766,1000,25.674567405334574
Kalimantan,Ampah - Teweh ,-0.935414,114.901123,Bontang-Sangata,0.505968,117.532558,50,333.47299749364043
Kalimantan,Barabai,-2.581936,115.390569,Bontang-Sangata,0.505968,117.532558,50,416.42327912499275
Kalimantan,Batulicin,-3.455801,11.599749,Bontang-Sangata,0.505968,117.532558,50,11792.461050262717
Kalimantan,Ketapang,-0.015698,1.105215,Bontang-Sangata,0.505968,117.532558,50,12960.52506938771
Kalimantan,Pangkalanbun ,-2.684718,111.631067,Bontang-Sangata,0.505968,117.532558,50,745.5155801632526
Kalimantan,Penajam-Grogot,-1.905754,116.197743,Bontang-Sangata,0.505968,117.532558,50,305.26778131402557
Kalimantan,Rantau,-2.934015,11.514198,Bontang-Sangata,0.505968,117.532558,50,11802.38022133925
Kalimantan,Singkawang,0.906,1.089872,Bontang-Sangata,0.505968,117.532558,50,12960.828668004067
Kalimantan,Sintang,-0.1378,1.128106,Bontang-Sangata,0.505968,117.532558,50,12958.1009933114
Kalimantan,Balikpapan,-1.249963,116.868785,Bontang-Sangata,0.505968,117.532558,100,207.74434964433914
Kalimantan,Banjarmasin,-3.330249,114.595582,Bontang-Sangata,0.505968,117.532558,100,535.4674379088661
Kalimantan,Berau,2.138839,117.492022,Bontang-Sangata,0.505968,117.532558,100,180.61096199529317
Kalimantan,Bontang,0.121456,117.484766,Bontang-Sangata,0.505968,117.532558,100,42.848704206258034
Kalimantan,Palangkaraya,-2.218321,113.900455,Bontang-Sangata,0.505968,117.532558,100,504.13782825809545
Kalimantan,Pontianak,-0.03109,1.093425,Bontang-Sangata,0.505968,117.532558,100,12961.853899892565
Kalimantan,Samarinda,-0.502298,117.161801,Bontang-Sangata,0.505968,117.532558,100,118.88236882070878
Kalimantan,Sampit,-2.538901,112.956601,Bontang-Sangata,0.505968,117.532558,100,610.4892001390417
Kalimantan,Tarakan,0.334307,117.576925,Bontang-Sangata,0.505968,117.532558,100,19.61329454162302
Sulawesi,Amurang,0.125533,12.463187,Bulukumba,-0.525188,12.015831,50,87.50522878146772
Sulawesi,Barru,-0.440562,11.961877,Bulukumba,-0.525188,12.015831,50,11.119047875810649
Sulawesi,Belopa,-0.336284,12.036455,Bulukumba,-0.525188,12.015831,50,21.013721031028737
Sulawesi,Bitung,0.014711,12.515311,Bulukumba,-0.525188,12.015831,50,81.58093274984228
Sulawesi,Gowa,-0.520514,11.946374,Bulukumba,-0.525188,12.015831,50,7.748852607065092
Sulawesi,Jeneponto,-0.570104,11.972147,Bulukumba,-0.525188,12.015831,50,6.950695403867328
Sulawesi,Kolaka,-0.407671,12.163507,Bulukumba,-0.525188,12.015831,50,20.954319846799965
Sulawesi,Kotamobagu,0.72119,12.430148,Bulukumba,-0.525188,12.015831,50,145.3297809435955
Sulawesi,Mangkutana,-0.252535,12.082405,Bulukumba,-0.525188,12.015831,50,31.045892586218613
Sulawesi,Marisa,0.48671,12.207034,Bulukumba,-0.525188,12.015831,50,113.89634344848372
Sulawesi,Pangkep,-0.481645,11.954193,Bulukumba,-0.525188,12.015831,50,8.382030390978901
Sulawesi,Parigi,-0.81564,12.017009,Bulukumba,-0.525188,12.015831,50,32.11683208118006
Sulawesi,Polman,-0.342045,11.931694,Bulukumba,-0.525188,12.015831,50,22.311838902770866
Sulawesi,Sengkang,-0.414356,12.003914,Bulukumba,-0.525188,12.015831,50,12.32676293120679
Sulawesi,Sinjai,-0.512906,12.025357,Bulukumba,-0.525188,12.015831,50,1.7230162499988082
Sulawesi,Takalar,-0.053974,11.943746,Bulukumba,-0.525188,12.015831,50,52.718439531296774
Sulawesi,Tomohon,0.129712,1.248362,Bulukumba,-0.525188,12.015831,50,1200.801078946936
Sulawesi,Toraja,-0.030292,1.198819,Bulukumba,-0.525188,12.015831,50,1205.369277741338
Sulawesi,Unaaha,-0.403681,12.248113,Bulukumba,-0.525188,12.015831,50,29.139000438353154
Sulawesi,Kendari,-0.396513,12.250127,Bulukumba,-0.525188,12.015831,100,29.709460537269674
Sulawesi,Makassar,-0.510404,11.946298,Bulukumba,-0.525188,12.015831,100,7.910811597798234
Sulawesi,Manado,0.149518,12.486597,Bulukumba,-0.525188,12.015831,100,91.17124500694528
Sulawesi,Palu,-0.8232,11.988515,Bulukumba,-0.525188,12.015831,100,33.09249086939561
Sulawesi,Bau-Bau,-0.548159,122.58,Bulukumba,-0.525188,12.015831,100,12307.142128246349
Sulawesi,Bone,-0.455181,1.203264,Bulukumba,-0.525188,12.015831,100,1203.6303850900558
Sulawesi,Gorontalo,0.62005,12.302368,Bulukumba,-0.525188,12.015831,100,130.5892036040671
Sulawesi,Luwuk,-0.96424,12.278153,Bulukumba,-0.525188,12.015831,100,56.65232576826975
Sulawesi,Mamuju,-0.268747,11.889864,Bulukumba,-0.525188,12.015831,100,31.633432521563915
Sulawesi,Palopo,-0.300675,12.020264,Bulukumba,-0.525188,12.015831,100,24.830279606389176
Sulawesi,Pare-Pare,-0.397929,11.965472,Bulukumba,-0.525188,12.015831,100,15.147075514571553
Sulawesi,Poso,-0.138101,12.076128,Bulukumba,-0.525188,12.015831,100,43.32497403046259
Bali Nusra,Lombok,-0.859373,11.615876,Denpasar,-0.863955,11.520248,1000,10.656115923185178
Sulawesi,Kendari,-0.396513,12.250127,Gorontalo,0.62005,12.302368,500,112.55608073930988
Sulawesi,Makassar,-0.510404,11.946298,Gorontalo,0.62005,12.302368,500,131.133044585853
Sulawesi,Manado,0.149518,12.486597,Gorontalo,0.62005,12.302368,500,55.92459507689211
Sulawesi,Palu,-0.8232,11.988515,Gorontalo,0.62005,12.302368,500,163.36589662779903
Sulawesi,Bau-Bau,-0.548159,122.58,Gorontalo,0.62005,12.302368,200,12276.500219793903
Sulawesi,Bone,-0.455181,1.203264,Gorontalo,0.62005,12.302368,200,1241.2345722336454
Sulawesi,Luwuk,-0.96424,12.278153,Gorontalo,0.62005,12.302368,200,175.20258387391374
Sulawesi,Mamuju,-0.268747,11.889864,Gorontalo,0.62005,12.302368,200,108.4764860558671
Sulawesi,Palopo,-0.300675,12.020264,Gorontalo,0.62005,12.302368,200,106.54172336546574
Sulawesi,Pare-Pare,-0.397929,11.965472,Gorontalo,0.62005,12.302368,200,118.64534036359082
Sulawesi,Poso,-0.138101,12.076128,Gorontalo,0.62005,12.302368,200,87.53324138444684
Sulawesi,Amurang,0.125533,12.463187,Gowa,-0.520514,11.946374,50,91.72193568628705
Sulawesi,Barru,-0.440562,11.961877,Gowa,-0.520514,11.946374,50,9.00750009743867
Sulawesi,Belopa,-0.336284,12.036455,Gowa,-0.520514,11.946374,50,22.705344373440386
Sulawesi,Bitung,0.014711,12.515311,Gowa,-0.520514,11.946374,50,86.68094111486566
Sulawesi,Bulukumba,-0.525188,12.015831,Gowa,-0.520514,11.946374,50,7.748852607065092
Sulawesi,Jeneponto,-0.570104,11.972147,Gowa,-0.520514,11.946374,50,6.188547994935543
Sulawesi,Kolaka,-0.407671,12.163507,Gowa,-0.520514,11.946374,50,27.201002574808765
Sulawesi,Kotamobagu,0.72119,12.430148,Gowa,-0.520514,11.946374,50,147.48397929924306
Sulawesi,Mangkutana,-0.252535,12.082405,Gowa,-0.520514,11.946374,50,33.27654258009073
Sulawesi,Marisa,0.48671,12.207034,Gowa,-0.520514,11.946374,50,115.09085021277922
Sulawesi,Pangkep,-0.481645,11.954193,Gowa,-0.520514,11.946374,50,4.38515938288597
Sulawesi,Parigi,-0.81564,12.017009,Gowa,-0.520514,11.946374,50,33.56720397789567
Sulawesi,Polman,-0.342045,11.931694,Gowa,-0.520514,11.946374,50,19.801634768133177
Sulawesi,Sengkang,-0.414356,12.003914,Gowa,-0.520514,11.946374,50,13.372148267077566
Sulawesi,Sinjai,-0.512906,12.025357,Gowa,-0.520514,11.946374,50,8.832147410857862
Sulawesi,Takalar,-0.053974,11.943746,Gowa,-0.520514,11.946374,50,51.588167998446096
Sulawesi,Tomohon,0.129712,1.248362,Gowa,-0.520514,11.946374,50,1193.0524121467465
Sulawesi,Toraja,-0.030292,1.198819,Gowa,-0.520514,11.946374,50,1197.6222987502588
Sulawesi,Unaaha,-0.403681,12.248113,Gowa,-0.520514,11.946374,50,35.987085255569355
Sulawesi,Kendari,-0.396513,12.250127,Gowa,-0.520514,11.946374,100,36.48683203919487
Sulawesi,Makassar,-0.510404,11.946298,Gowa,-0.520514,11.946374,100,1.1179388476436802
Sulawesi,Manado,0.149518,12.486597,Gowa,-0.520514,11.946374,100,95.4227502418764
Sulawesi,Palu,-0.8232,11.988515,Gowa,-0.520514,11.946374,100,33.796445096328874
Sulawesi,Bau-Bau,-0.548159,122.58,Gowa,-0.520514,11.946374,100,12314.880079557497
Sulawesi,Bone,-0.455181,1.203264,Gowa,-0.520514,11.946374,100,1195.8961028159868
Sulawesi,Gorontalo,0.62005,12.302368,Gowa,-0.520514,11.946374,100,132.1965533123236
Sulawesi,Luwuk,-0.96424,12.278153,Gowa,-0.520514,11.946374,100,61.410082344451304
Sulawesi,Mamuju,-0.268747,11.889864,Gowa,-0.520514,11.946374,100,28.54082405117098
Sulawesi,Palopo,-0.300675,12.020264,Gowa,-0.520514,11.946374,100,25.662409854038756
Sulawesi,Pare-Pare,-0.397929,11.965472,Gowa,-0.520514,11.946374,100,13.720456270840195
Sulawesi,Poso,-0.138101,12.076128,Gowa,-0.520514,11.946374,100,44.68390990269124
Sulawesi,Amurang,0.125533,12.463187,Jeneponto,-0.570104,11.972147,50,94.36371110305484
Sulawesi,Barru,-0.440562,11.961877,Jeneponto,-0.570104,11.972147,50,14.369571593282085
Sulawesi,Belopa,-0.336284,12.036455,Jeneponto,-0.570104,11.972147,50,26.827207510914896
Sulawesi,Bitung,0.014711,12.515311,Jeneponto,-0.570104,11.972147,50,88.52963850998171
Sulawesi,Bulukumba,-0.525188,12.015831,Jeneponto,-0.570104,11.972147,50,6.950695403867328
Sulawesi,Gowa,-0.520514,11.946374,Jeneponto,-0.570104,11.972147,50,6.188547994935543
Sulawesi,Kolaka,-0.407671,12.163507,Jeneponto,-0.570104,11.972147,50,27.862897605220525
Sulawesi,Kotamobagu,0.72119,12.430148,Jeneponto,-0.570104,11.972147,50,151.61318868004844
Sulawesi,Mangkutana,-0.252535,12.082405,Jeneponto,-0.570104,11.972147,50,37.19813923626225
Sulawesi,Marisa,0.48671,12.207034,Jeneponto,-0.570104,11.972147,50,119.74601594452011
Sulawesi,Pangkep,-0.481645,11.954193,Jeneponto,-0.570104,11.972147,50,9.983385250583849
Sulawesi,Parigi,-0.81564,12.017009,Jeneponto,-0.570104,11.972147,50,27.605422170783335
Sulawesi,Polman,-0.342045,11.931694,Jeneponto,-0.570104,11.972147,50,25.6163741874659
Sulawesi,Sengkang,-0.414356,12.003914,Jeneponto,-0.570104,11.972147,50,17.581028375681086
Sulawesi,Sinjai,-0.512906,12.025357,Jeneponto,-0.570104,11.972147,50,8.665071885527604
Sulawesi,Takalar,-0.053974,11.943746,Jeneponto,-0.570104,11.972147,50,57.15822381712426
Sulawesi,Tomohon,0.129712,1.248362,Jeneponto,-0.570104,11.972147,50,1196.255528544222
Sulawesi,Toraja,-0.030292,1.198819,Jeneponto,-0.570104,11.972147,50,1200.7450824573607
Sulawesi,Unaaha,-0.403681,12.248113,Jeneponto,-0.570104,11.972147,50,35.80938663497834
Sulawesi,Kendari,-0.396513,12.250127,Jeneponto,-0.570104,11.972147,100,36.413409313643136
Sulawesi,Makassar,-0.510404,11.946298,Jeneponto,-0.570104,11.972147,100,7.201131289573295
Sulawesi,Manado,0.149518,12.486597,Jeneponto,-0.570104,11.972147,100,98.0368743703445
Sulawesi,Palu,-0.8232,11.988515,Jeneponto,-0.570104,11.972147,100,28.045192277633568
Sulawesi,Bau-Bau,-0.548159,122.58,Jeneponto,-0.570104,11.972147,100,12311.935495267106
Sulawesi,Bone,-0.455181,1.203264,Jeneponto,-0.570104,11.972147,100,1198.8059209171724
Sulawesi,Gorontalo,0.62005,12.302368,Jeneponto,-0.570104,11.972147,100,136.63796613063076
Sulawesi,Luwuk,-0.96424,12.278153,Jeneponto,-0.570104,11.972147,100,55.312849266815476
Sulawesi,Mamuju,-0.268747,11.889864,Jeneponto,-0.570104,11.972147,100,34.55827737925753
Sulawesi,Palopo,-0.300675,12.020264,Jeneponto,-0.570104,11.972147,100,30.26959279743194
Sulawesi,Pare-Pare,-0.397929,11.965472,Jeneponto,-0.570104,11.972147,100,19.052633919440613
Sulawesi,Poso,-0.138101,12.076128,Jeneponto,-0.570104,11.972147,100,49.150801752176015
Sulawesi,Makassar,-0.510404,11.946298,Kendari,-0.396513,12.250127,1000,36.08956213651966
Sulawesi,Manado,0.149518,12.486597,Kendari,-0.396513,12.250127,1000,65.86585401307197
Sulawesi,Palu,-0.8232,11.988515,Kendari,-0.396513,12.250127,1000,55.44399317374852
Kalimantan,Ampah - Teweh ,-0.935414,114.901123,Ketapang,-0.015698,1.105215,50,12667.29367585202
Kalimantan,Barabai,-2.581936,115.390569,Ketapang,-0.015698,1.105215,50,12719.157676777979
Kalimantan,Batulicin,-3.455801,11.599749,Ketapang,-0.015698,1.105215,50,1227.941887408686
Kalimantan,Bontang-Sangata,0.505968,117.532558,Ketapang,-0.015698,1.105215,50,12960.52506938771
Kalimantan,Pangkalanbun ,-2.684718,111.631067,Ketapang,-0.015698,1.105215,50,12300.948803982998
Kalimantan,Penajam-Grogot,-1.905754,116.197743,Ketapang,-0.015698,1.105215,50,12810.313559961513
Kalimantan,Rantau,-2.934015,11.514198,Ketapang,-0.015698,1.105215,50,1202.3288293975115
Kalimantan,Singkawang,0.906,1.089872,Ketapang,-0.015698,1.105215,50,101.93048220370802
Kalimantan,Sintang,-0.1378,1.128106,Ketapang,-0.015698,1.105215,50,13.739708104665398
Kalimantan,Balikpapan,-1.249963,116.868785,Ketapang,-0.015698,1.105215,100,12885.96172840237
Kalimantan,Banjarmasin,-3.330249,114.595582,Ketapang,-0.015698,1.105215,100,12628.861731659466
Kalimantan,Berau,2.138839,117.492022,Ketapang,-0.015698,1.105215,100,12953.972492304643
Kalimantan,Bontang,0.121456,117.484766,Ketapang,-0.015698,1.105215,100,12955.30918676975
Kalimantan,Palangkaraya,-2.218321,113.900455,Ketapang,-0.015698,1.105215,100,12554.210255954453
Kalimantan,Pontianak,-0.03109,1.093425,Ketapang,-0.015698,1.105215,100,2.1492342490894933
Kalimantan,Samarinda,-0.502298,117.161801,Ketapang,-0.015698,1.105215,100,12919.222304847717
Kalimantan,Sampit,-2.538901,112.956601,Ketapang,-0.015698,1.105215,100,12448.62375220878
Kalimantan,Tarakan,0.334307,117.576925,Ketapang,-0.015698,1.105215,100,12965.528201688376
Sulawesi,Amurang,0.125533,12.463187,Kolaka,-0.407671,12.163507,50,67.7422528207005
Sulawesi,Barru,-0.440562,11.961877,Kolaka,-0.407671,12.163507,50,22.737486690036025
Sulawesi,Belopa,-0.336284,12.036455,Kolaka,-0.407671,12.163507,50,16.196752069916204
Sulawesi,Bitung,0.014711,12.515311,Kolaka,-0.407671,12.163507,50,60.95085383628543
Sulawesi,Bulukumba,-0.525188,12.015831,Kolaka,-0.407671,12.163507,50,20.954319846799965
Sulawesi,Gowa,-0.520514,11.946374,Kolaka,-0.407671,12.163507,50,27.201002574808765
Sulawesi,Jeneponto,-0.570104,11.972147,Kolaka,-0.407671,12.163507,50,27.862897605220525
Sulawesi,Kotamobagu,0.72119,12.430148,Kolaka,-0.407671,12.163507,50,128.30353525651213
Sulawesi,Mangkutana,-0.252535,12.082405,Kolaka,-0.407671,12.163507,50,19.384734221876936
Sulawesi,Marisa,0.48671,12.207034,Kolaka,-0.407671,12.163507,50,99.01417908402854
Sulawesi,Pangkep,-0.481645,11.954193,Kolaka,-0.407671,12.163507,50,24.69408135295712
Sulawesi,Parigi,-0.81564,12.017009,Kolaka,-0.407671,12.163507,50,47.967888961857284
Sulawesi,Polman,-0.342045,11.931694,Kolaka,-0.407671,12.163507,50,26.805650766822026
Sulawesi,Sengkang,-0.414356,12.003914,Kolaka,-0.407671,12.163507,50,17.78072905611018
Sulawesi,Sinjai,-0.512906,12.025357,Kolaka,-0.407671,12.163507,50,19.284583533982534
Sulawesi,Takalar,-0.053974,11.943746,Kolaka,-0.407671,12.163507,50,46.13064570004724
Sulawesi,Tomohon,0.129712,1.248362,Kolaka,-0.407671,12.163507,50,1216.5124696895568
Sulawesi,Toraja,-0.030292,1.198819,Kolaka,-0.407671,12.163507,50,1221.2854980748853
Sulawesi,Unaaha,-0.403681,12.248113,Kolaka,-0.407671,12.163507,50,9.428390543450387
Sulawesi,Kendari,-0.396513,12.250127,Kolaka,-0.407671,12.163507,100,9.720873481194669
Sulawesi,Makassar,-0.510404,11.946298,Kolaka,-0.407671,12.163507,100,26.71435365080762
Sulawesi,Manado,0.149518,12.486597,Kolaka,-0.407671,12.163507,100,71.3403105602224
Sulawesi,Palu,-0.8232,11.988515,Kolaka,-0.407671,12.163507,100,49.90532273639442
Sulawesi,Bau-Bau,-0.548159,122.58,Kolaka,-0.407671,12.163507,100,12290.877673697365
Sulawesi,Bone,-0.455181,1.203264,Kolaka,-0.407671,12.163507,100,1220.0654826920677
Sulawesi,Gorontalo,0.62005,12.302368,Kolaka,-0.407671,12.163507,100,114.6860305992097
Sulawesi,Luwuk,-0.96424,12.278153,Kolaka,-0.407671,12.163507,100,62.851478388398014
Sulawesi,Mamuju,-0.268747,11.889864,Kolaka,-0.407671,12.163507,100,34.115422757551435
Sulawesi,Palopo,-0.300675,12.020264,Kolaka,-0.407671,12.163507,100,19.855216526044014
Sulawesi,Pare-Pare,-0.397929,11.965472,Kolaka,-0.407671,12.163507,100,22.07091769639707
Sulawesi,Poso,-0.138101,12.076128,Kolaka,-0.407671,12.163507,100,31.354423775481074
Sulawesi,Amurang,0.125533,12.463187,Kotamobagu,0.72119,12.430148,50,65.96698410548355
Sulawesi,Barru,-0.440562,11.961877,Kotamobagu,0.72119,12.430148,50,138.63312374741616
Sulawesi,Belopa,-0.336284,12.036455,Kotamobagu,0.72119,12.430148,50,124.87240382056935
Sulawesi,Bitung,0.014711,12.515311,Kotamobagu,0.72119,12.430148,50,78.69156835204257
Sulawesi,Bulukumba,-0.525188,12.015831,Kotamobagu,0.72119,12.430148,50,145.3297809435955
Sulawesi,Gowa,-0.520514,11.946374,Kotamobagu,0.72119,12.430148,50,147.48397929924306
Sulawesi,Jeneponto,-0.570104,11.972147,Kotamobagu,0.72119,12.430148,50,151.61318868004844
Sulawesi,Kolaka,-0.407671,12.163507,Kotamobagu,0.72119,12.430148,50,128.30353525651213
Sulawesi,Mangkutana,-0.252535,12.082405,Kotamobagu,0.72119,12.430148,50,114.41615805715983
Sulawesi,Marisa,0.48671,12.207034,Kotamobagu,0.72119,12.430148,50,35.90318928820897
Sulawesi,Pangkep,-0.481645,11.954193,Kotamobagu,0.72119,12.430148,50,143.167033702819
Sulawesi,Parigi,-0.81564,12.017009,Kotamobagu,0.72119,12.430148,50,176.04699664777758
Sulawesi,Polman,-0.342045,11.931694,Kotamobagu,0.72119,12.430148,50,130.0024477045072
Sulawesi,Sengkang,-0.414356,12.003914,Kotamobagu,0.72119,12.430148,50,134.22783134841094
Sulawesi,Sinjai,-0.512906,12.025357,Kotamobagu,0.72119,12.430148,50,143.7065380772077
Sulawesi,Takalar,-0.053974,11.943746,Kotamobagu,0.72119,12.430148,50,101.38248470605099
Sulawesi,Tomohon,0.129712,1.248362,Kotamobagu,0.72119,12.430148,50,1246.428102876805
Sulawesi,Toraja,-0.030292,1.198819,Kotamobagu,0.72119,12.430148,50,1252.992597697147
Sulawesi,Unaaha,-0.403681,12.248113,Kotamobagu,0.72119,12.430148,50,126.02166012807452
Sulawesi,Kendari,-0.396513,12.250127,Kotamobagu,0.72119,12.430148,100,125.20336287977995
Sulawesi,Makassar,-0.510404,11.946298,Kotamobagu,0.72119,12.430148,100,146.44694443661857
Sulawesi,Manado,0.149518,12.486597,Kotamobagu,0.72119,12.430148,100,63.52380821382638
Sulawesi,Palu,-0.8232,11.988515,Kotamobagu,0.72119,12.430148,100,177.7052417740405
Sulawesi,Bau-Bau,-0.548159,122.58,Kotamobagu,0.72119,12.430148,100,12262.341937052166
Sulawesi,Bone,-0.455181,1.203264,Kotamobagu,0.72119,12.430148,100,1256.4969275560152
Sulawesi,Gorontalo,0.62005,12.302368,Kotamobagu,0.72119,12.430148,100,18.09355465752499
Sulawesi,Luwuk,-0.96424,12.278153,Kotamobagu,0.72119,12.430148,100,187.13178953727476
Sulawesi,Mamuju,-0.268747,11.889864,Kotamobagu,0.72119,12.430148,100,124.89602279103133
Sulawesi,Palopo,-0.300675,12.020264,Kotamobagu,0.72119,12.430148,100,121.85662549763309
Sulawesi,Pare-Pare,-0.397929,11.965472,Kotamobagu,0.72119,12.430148,100,134.12179806170525
Sulawesi,Poso,-0.138101,12.076128,Kotamobagu,0.72119,12.430148,100,102.86386958590138
Bali Nusra,Denpasar,-0.863955,11.520248,Kupang,-1.018017,12.354942,500,94.4541460394341
Bali Nusra,Lombok,-0.859373,11.615876,Kupang,-1.018017,12.354942,500,84.11105066489057
Bali Nusra,BIMA,-0.837759,11.872564,Kupang,-1.018017,12.354942,200,57.27139112246352
Bali Nusra,Maumere,-0.863907,12.227671,Kupang,-1.018017,12.354942,200,22.15975471689404
Bali Nusra,Sumbawa,-0.847856,11.740717,Kupang,-1.018017,12.354942,200,70.90809292711371
Bali Nusra,Denpasar,-0.863955,11.520248,Lombok,-0.859373,11.615876,1000,10.656115923185178
Sulawesi,Kendari,-0.396513,12.250127,Luwuk,-0.96424,12.278153,500,62.8535613933024
Sulawesi,Makassar,-0.510404,11.946298,Luwuk,-0.96424,12.278153,500,62.31191924479651
Sulawesi,Manado,0.149518,12.486597,Luwuk,-0.96424,12.278153,500,125.3198256230087
Sulawesi,Palu,-0.8232,11.988515,Luwuk,-0.96424,12.278153,500,35.812501344325575
Sulawesi,Bau-Bau,-0.548159,122.58,Luwuk,-0.96424,12.278153,200,12277.21257656418
Sulawesi,Bone,-0.455181,1.203264,Luwuk,-0.96424,12.278153,200,1234.0371707475163
Sulawesi,Gorontalo,0.62005,12.302368,Luwuk,-0.96424,12.278153,200,175.20258387391374
Sulawesi,Mamuju,-0.268747,11.889864,Luwuk,-0.96424,12.278153,200,88.2171885415256
Sulawesi,Palopo,-0.300675,12.020264,Luwuk,-0.96424,12.278153,200,78.7888837785917
Sulawesi,Pare-Pare,-0.397929,11.965472,Luwuk,-0.96424,12.278153,200,71.64206944139138
Sulawesi,Poso,-0.138101,12.076128,Luwuk,-0.96424,12.278153,200,94.07711933542318
Sulawesi,Kendari,-0.396513,12.250127,Makassar,-0.510404,11.946298,1000,36.08956213651966
Sulawesi,Manado,0.149518,12.486597,Makassar,-0.510404,11.946298,1000,94.56280537435686
Sulawesi,Palu,-0.8232,11.988515,Makassar,-0.510404,11.946298,1000,34.90501520031923
Sulawesi,Kendari,-0.396513,12.250127,Mamuju,-0.268747,11.889864,500,42.519289936055245
Sulawesi,Makassar,-0.510404,11.946298,Mamuju,-0.268747,11.889864,500,27.449577349750516
Sulawesi,Manado,0.149518,12.486597,Mamuju,-0.268747,11.889864,500,80.94232117862705
Sulawesi,Palu,-0.8232,11.988515,Mamuju,-0.268747,11.889864,500,62.283988844118134
Sulawesi,Bau-Bau,-0.548159,122.58,Mamuju,-0.268747,11.889864,200,12321.527915151206
Sulawesi,Bone,-0.455181,1.203264,Mamuju,-0.268747,11.889864,200,1189.781304643158
Sulawesi,Gorontalo,0.62005,12.302368,Mamuju,-0.268747,11.889864,200,108.4764860558671
Sulawesi,Luwuk,-0.96424,12.278153,Mamuju,-0.268747,11.889864,200,88.2171885415256
Sulawesi,Palopo,-0.300675,12.020264,Mamuju,-0.268747,11.889864,200,14.939033113519082
Sulawesi,Pare-Pare,-0.397929,11.965472,Mamuju,-0.268747,11.889864,200,16.57938991858144
Sulawesi,Poso,-0.138101,12.076128,Mamuju,-0.268747,11.889864,200,25.270860843360627
Sulawesi,Kendari,-0.396513,12.250127,Manado,0.149518,12.486597,1000,65.86585401307197
Sulawesi,Makassar,-0.510404,11.946298,Manado,0.149518,12.486597,1000,94.56280537435686
Sulawesi,Palu,-0.8232,11.988515,Manado,0.149518,12.486597,1000,121.00724968729965
Sulawesi,Amurang,0.125533,12.463187,Mangkutana,-0.252535,12.082405,50,59.5348393148543
Sulawesi,Barru,-0.440562,11.961877,Mangkutana,-0.252535,12.082405,50,24.744215269488137
Sulawesi,Belopa,-0.336284,12.036455,Mangkutana,-0.252535,12.082405,50,10.579248505417977
Sulawesi,Bitung,0.014711,12.515311,Mangkutana,-0.252535,12.082405,50,56.52946545079203
Sulawesi,Bulukumba,-0.525188,12.015831,Mangkutana,-0.252535,12.082405,50,31.045892586218613
Sulawesi,Gowa,-0.520514,11.946374,Mangkutana,-0.252535,12.082405,50,33.27654258009073
Sulawesi,Jeneponto,-0.570104,11.972147,Mangkutana,-0.252535,12.082405,50,37.19813923626225
Sulawesi,Kolaka,-0.407671,12.163507,Mangkutana,-0.252535,12.082405,50,19.384734221876936
Sulawesi,Kotamobagu,0.72119,12.430148,Mangkutana,-0.252535,12.082405,50,114.41615805715983
Sulawesi,Marisa,0.48671,12.207034,Mangkutana,-0.252535,12.082405,50,82.91047225122057
Sulawesi,Pangkep,-0.481645,11.954193,Mangkutana,-0.252535,12.082405,50,29.077328377738663
Sulawesi,Parigi,-0.81564,12.017009,Mangkutana,-0.252535,12.082405,50,62.68907248507196
Sulawesi,Polman,-0.342045,11.931694,Mangkutana,-0.252535,12.082405,50,19.478787974182357
Sulawesi,Sengkang,-0.414356,12.003914,Mangkutana,-0.252535,12.082405,50,19.912581672502764
Sulawesi,Sinjai,-0.512906,12.025357,Mangkutana,-0.252535,12.082405,50,29.48239866894537
Sulawesi,Takalar,-0.053974,11.943746,Mangkutana,-0.252535,12.082405,50,26.838511669693947
Sulawesi,Tomohon,0.129712,1.248362,Mangkutana,-0.252535,12.082405,50,1206.7776470381093
Sulawesi,Toraja,-0.030292,1.198819,Mangkutana,-0.252535,12.082405,50,1211.8000200540187
Sulawesi,Unaaha,-0.403681,12.248113,Mangkutana,-0.252535,12.082405,50,24.891425337482087
Sulawesi,Kendari,-0.396513,12.250127,Mangkutana,-0.252535,12.082405,100,24.53649776331916
Sulawesi,Makassar,-0.510404,11.946298,Mangkutana,-0.252535,12.082405,100,32.28906713241415
Sulawesi,Manado,0.149518,12.486597,Mangkutana,-0.252535,12.082405,100,63.25259304831517
Sulawesi,Palu,-0.8232,11.988515,Mangkutana,-0.252535,12.082405,100,63.96058772703792
Sulawesi,Bau-Bau,-0.548159,122.58,Mangkutana,-0.252535,12.082405,100,12300.11751740599
Sulawesi,Bone,-0.455181,1.203264,Mangkutana,-0.252535,12.082405,100,1211.2440786589373
Sulawesi,Gorontalo,0.62005,12.302368,Mangkutana,-0.252535,12.082405,100,99.54397672929719
Sulawesi,Luwuk,-0.96424,12.278153,Mangkutana,-0.252535,12.082405,100,81.6571328189564
Sulawesi,Mamuju,-0.268747,11.889864,Mangkutana,-0.252535,12.082405,100,21.508180605579003
Sulawesi,Palopo,-0.300675,12.020264,Mangkutana,-0.252535,12.082405,100,8.72843547146522
Sulawesi,Pare-Pare,-0.397929,11.965472,Mangkutana,-0.252535,12.082405,100,20.68573372259769
Sulawesi,Poso,-0.138101,12.076128,Mangkutana,-0.252535,12.082405,100,12.672736624458201
Sulawesi,Amurang,0.125533,12.463187,Marisa,0.48671,12.207034,50,49.07163272660827
Sulawesi,Barru,-0.440562,11.961877,Marisa,0.48671,12.207034,50,106.10218056634415
Sulawesi,Belopa,-0.336284,12.036455,Marisa,0.48671,12.207034,50,92.96196745949871
Sulawesi,Bitung,0.014711,12.515311,Marisa,0.48671,12.207034,50,62.4623104395445
Sulawesi,Bulukumba,-0.525188,12.015831,Marisa,0.48671,12.207034,50,113.89634344848372
Sulawesi,Gowa,-0.520514,11.946374,Marisa,0.48671,12.207034,50,115.09085021277922
Sulawesi,Jeneponto,-0.570104,11.972147,Marisa,0.48671,12.207034,50,119.74601594452011
Sulawesi,Kolaka,-0.407671,12.163507,Marisa,0.48671,12.207034,50,99.01417908402854
Sulawesi,Kotamobagu,0.72119,12.430148,Marisa,0.48671,12.207034,50,35.90318928820897
Sulawesi,Mangkutana,-0.252535,12.082405,Marisa,0.48671,12.207034,50,82.91047225122057
Sulawesi,Pangkep,-0.481645,11.954193,Marisa,0.48671,12.207034,50,110.71260009781025
Sulawesi,Parigi,-0.81564,12.017009,Marisa,0.48671,12.207034,50,145.55175753457073
Sulawesi,Polman,-0.342045,11.931694,Marisa,0.48671,12.207034,50,96.62895409812275
Sulawesi,Sengkang,-0.414356,12.003914,Marisa,0.48671,12.207034,50,102.16818523464313
Sulawesi,Sinjai,-0.512906,12.025357,Marisa,0.48671,12.207034,50,112.36679229183129
Sulawesi,Takalar,-0.053974,11.943746,Marisa,0.48671,12.207034,50,66.58333500056449
Sulawesi,Tomohon,0.129712,1.248362,Marisa,0.48671,12.207034,50,1220.5327588902826
Sulawesi,Toraja,-0.030292,1.198819,Marisa,0.48671,12.207034,50,1226.7478050744764
Sulawesi,Unaaha,-0.403681,12.248113,Marisa,0.48671,12.207034,50,98.56049925831566
Sulawesi,Kendari,-0.396513,12.250127,Marisa,0.48671,12.207034,100,97.77950547508978
Sulawesi,Makassar,-0.510404,11.946298,Marisa,0.48671,12.207034,100,114.01155878292595
Sulawesi,Manado,0.149518,12.486597,Marisa,0.48671,12.207034,100,48.56569564013404
Sulawesi,Palu,-0.8232,11.988515,Marisa,0.48671,12.207034,100,146.8707724742701
Sulawesi,Bau-Bau,-0.548159,122.58,Marisa,0.48671,12.207034,100,12287.015362725293
Sulawesi,Bone,-0.455181,1.203264,Marisa,0.48671,12.207034,100,1229.3399799498006
Sulawesi,Gorontalo,0.62005,12.302368,Marisa,0.48671,12.207034,100,18.16591680463409
Sulawesi,Luwuk,-0.96424,12.278153,Marisa,0.48671,12.207034,100,160.63306063735808
Sulawesi,Mamuju,-0.268747,11.889864,Marisa,0.48671,12.207034,100,90.68917434220685
Sulawesi,Palopo,-0.300675,12.020264,Marisa,0.48671,12.207034,100,89.51255878920541
Sulawesi,Pare-Pare,-0.397929,11.965472,Marisa,0.48671,12.207034,100,101.44710191297361
Sulawesi,Poso,-0.138101,12.076128,Marisa,0.48671,12.207034,100,70.60812533218508
Bali Nusra,Denpasar,-0.863955,11.520248,Maumere,-0.863907,12.227671,500,78.74107601741335
Bali Nusra,Lombok,-0.859373,11.615876,Maumere,-0.863907,12.227671,500,68.09890383271609
Bali Nusra,BIMA,-0.837759,11.872564,Maumere,-0.863907,12.227671,200,39.631608162786414
Bali Nusra,Kupang,-1.018017,12.354942,Maumere,-0.863907,12.227671,200,22.15975471689404
Bali Nusra,Sumbawa,-0.847856,11.740717,Maumere,-0.863907,12.227671,200,54.230514432428556
Kalimantan,Balikpapan,-1.249963,116.868785,Palangkaraya,-2.218321,113.900455,1000,347.2022496130496
Kalimantan,Banjarmasin,-3.330249,114.595582,Palangkaraya,-2.218321,113.900455,1000,145.2284571268395
Kalimantan,Berau,2.138839,117.492022,Palangkaraya,-2.218321,113.900455,1000,626.0161537984867
Kalimantan,Bontang,0.121456,117.484766,Palangkaraya,-2.218321,113.900455,1000,475.46315397948456
Kalimantan,Pontianak,-0.03109,1.093425,Palangkaraya,-2.218321,113.900455,1000,12555.449837430948
Kalimantan,Samarinda,-0.502298,117.161801,Palangkaraya,-2.218321,113.900455,1000,409.5454343496073
Kalimantan,Sampit,-2.538901,112.956601,Palangkaraya,-2.218321,113.900455,1000,110.80274116727983
Kalimantan,Tarakan,0.334307,117.576925,Palangkaraya,-2.218321,113.900455,1000,497.0835639031088
Sulawesi,Kendari,-0.396513,12.250127,Palopo,-0.300675,12.020264,500,27.695387672092103
Sulawesi,Makassar,-0.510404,11.946298,Palopo,-0.300675,12.020264,500,24.60891990850536
Sulawesi,Manado,0.149518,12.486597,Palopo,-0.300675,12.020264,500,71.92258117544633
Sulawesi,Palu,-0.8232,11.988515,Palopo,-0.300675,12.020264,500,57.88586763664723
Sulawesi,Bau-Bau,-0.548159,122.58,Palopo,-0.300675,12.020264,200,12306.970332018456
Sulawesi,Bone,-0.455181,1.203264,Palopo,-0.300675,12.020264,200,1204.2376648549562
Sulawesi,Gorontalo,0.62005,12.302368,Palopo,-0.300675,12.020264,200,106.54172336546574
Sulawesi,Luwuk,-0.96424,12.278153,Palopo,-0.300675,12.020264,200,78.7888837785917
Sulawesi,Mamuju,-0.268747,11.889864,Palopo,-0.300675,12.020264,200,14.939033113519082
Sulawesi,Pare-Pare,-0.397929,11.965472,Palopo,-0.300675,12.020264,200,12.363074520325736
Sulawesi,Poso,-0.138101,12.076128,Palopo,-0.300675,12.020264,200,19.021751311348744
Sulawesi,Kendari,-0.396513,12.250127,Palu,-0.8232,11.988515,1000,55.44399317374852
Sulawesi,Makassar,-0.510404,11.946298,Palu,-0.8232,11.988515,1000,34.90501520031923
Sulawesi,Manado,0.149518,12.486597,Palu,-0.8232,11.988515,1000,121.00724968729965
Kalimantan,Ampah - Teweh ,-0.935414,114.901123,Pangkalanbun ,-2.684718,111.631067,50,412.04959613905
Kalimantan,Barabai,-2.581936,115.390569,Pangkalanbun ,-2.684718,111.631067,50,418.22110774331117
Kalimantan,Batulicin,-3.455801,11.599749,Pangkalanbun ,-2.684718,111.631067,50,11113.951808451826
Kalimantan,Bontang-Sangata,0.505968,117.532558,Pangkalanbun ,-2.684718,111.631067,50,745.5155801632526
Kalimantan,Ketapang,-0.015698,1.105215,Pangkalanbun ,-2.684718,111.631067,50,12300.948803982998
Kalimantan,Penajam-Grogot,-1.905754,116.197743,Pangkalanbun ,-2.684718,111.631067,50,515.202121388948
Kalimantan,Rantau,-2.934015,11.514198,Pangkalanbun ,-2.684718,111.631067,50,11126.765306410316
Kalimantan,Singkawang,0.906,1.089872,Pangkalanbun ,-2.684718,111.631067,50,12307.446415508275
Kalimantan,Sintang,-0.1378,1.128106,Pangkalanbun ,-2.684718,111.631067,50,12297.722482810992
Kalimantan,Balikpapan,-1.249963,116.868785,Pangkalanbun ,-2.684718,111.631067,100,603.9144201440354
Kalimantan,Banjarmasin,-3.330249,114.595582,Pangkalanbun ,-2.684718,111.631067,100,337.19688243818496
Kalimantan,Berau,2.138839,117.492022,Pangkalanbun ,-2.684718,111.631067,100,842.5523203780456
Kalimantan,Bontang,0.121456,117.484766,Pangkalanbun ,-2.684718,111.631067,100,721.5322074974456
Kalimantan,Palangkaraya,-2.218321,113.900455,Pangkalanbun ,-2.684718,111.631067,100,257.61177252141124
Kalimantan,Pontianak,-0.03109,1.093425,Pangkalanbun ,-2.684718,111.631067,100,12302.17431055635
Kalimantan,Samarinda,-0.502298,117.161801,Pangkalanbun ,-2.684718,111.631067,100,661.0288627682878
Kalimantan,Sampit,-2.538901,112.956601,Pangkalanbun ,-2.684718,111.631067,100,148.28470125191157
Kalimantan,Tarakan,0.334307,117.576925,Pangkalanbun ,-2.684718,111.631067,100,741.1179390662945
Sulawesi,Amurang,0.125533,12.463187,Pangkep,-0.481645,11.954193,50,87.8518733122892
Sulawesi,Barru,-0.440562,11.961877,Pangkep,-0.481645,11.954193,50,4.622551779115221
Sulawesi,Belopa,-0.336284,12.036455,Pangkep,-0.481645,11.954193,50,18.498665993146112
Sulawesi,Bitung,0.014711,12.515311,Pangkep,-0.481645,11.954193,50,83.14963245406709
Sulawesi,Bulukumba,-0.525188,12.015831,Pangkep,-0.481645,11.954193,50,8.382030390978901
Sulawesi,Gowa,-0.520514,11.946374,Pangkep,-0.481645,11.954193,50,4.38515938288597
Sulawesi,Jeneponto,-0.570104,11.972147,Pangkep,-0.481645,11.954193,50,9.983385250583849
Sulawesi,Kolaka,-0.407671,12.163507,Pangkep,-0.481645,11.954193,50,24.69408135295712
Sulawesi,Kotamobagu,0.72119,12.430148,Pangkep,-0.481645,11.954193,50,143.167033702819
Sulawesi,Mangkutana,-0.252535,12.082405,Pangkep,-0.481645,11.954193,50,29.077328377738663
Sulawesi,Marisa,0.48671,12.207034,Pangkep,-0.481645,11.954193,50,110.71260009781025
Sulawesi,Parigi,-0.81564,12.017009,Pangkep,-0.481645,11.954193,50,37.58739052349408
Sulawesi,Polman,-0.342045,11.931694,Pangkep,-0.481645,11.954193,50,15.63803511047386
Sulawesi,Sengkang,-0.414356,12.003914,Pangkep,-0.481645,11.954193,50,9.273270121612395
Sulawesi,Sinjai,-0.512906,12.025357,Pangkep,-0.481645,11.954193,50,8.64297248745308
Sulawesi,Takalar,-0.053974,11.943746,Pangkep,-0.481645,11.954193,50,47.30372101022038
Sulawesi,Tomohon,0.129712,1.248362,Pangkep,-0.481645,11.954193,50,1193.672155602214
Sulawesi,Toraja,-0.030292,1.198819,Pangkep,-0.481645,11.954193,50,1198.3075323180904
Sulawesi,Unaaha,-0.403681,12.248113,Pangkep,-0.481645,11.954193,50,33.8347372903573
Sulawesi,Kendari,-0.396513,12.250127,Pangkep,-0.481645,11.954193,100,34.260834226842654
Sulawesi,Makassar,-0.510404,11.946298,Pangkep,-0.481645,11.954193,100,3.2992122066069767
Sulawesi,Manado,0.149518,12.486597,Pangkep,-0.481645,11.954193,100,91.55985156753576
Sulawesi,Palu,-0.8232,11.988515,Pangkep,-0.481645,11.954193,100,37.95998991984823
Sulawesi,Bau-Bau,-0.548159,122.58,Pangkep,-0.481645,11.954193,100,12314.068058324494
Sulawesi,Bone,-0.455181,1.203264,Pangkep,-0.481645,11.954193,100,1196.7516645462488
Sulawesi,Gorontalo,0.62005,12.302368,Pangkep,-0.481645,11.954193,100,127.83620430950604
Sulawesi,Luwuk,-0.96424,12.278153,Pangkep,-0.481645,11.954193,100,64.40424593127862
Sulawesi,Mamuju,-0.268747,11.889864,Pangkep,-0.481645,11.954193,100,24.60609394394546
Sulawesi,Palopo,-0.300675,12.020264,Pangkep,-0.481645,11.954193,100,21.319448683785335
Sulawesi,Pare-Pare,-0.397929,11.965472,Pangkep,-0.481645,11.954193,100,9.341599738135491
Sulawesi,Poso,-0.138101,12.076128,Pangkep,-0.481645,11.954193,100,40.33935396870544
Sulawesi,Kendari,-0.396513,12.250127,Pare-Pare,-0.397929,11.965472,500,31.68728006626724
Sulawesi,Makassar,-0.510404,11.946298,Pare-Pare,-0.397929,11.965472,500,12.618667716727687
Sulawesi,Manado,0.149518,12.486597,Pare-Pare,-0.397929,11.965472,500,83.84265097963892
Sulawesi,Palu,-0.8232,11.988515,Pare-Pare,-0.397929,11.965472,500,47.09399173912992
Sulawesi,Bau-Bau,-0.548159,122.58,Pare-Pare,-0.397929,11.965472,200,12312.934332621713
Sulawesi,Bone,-0.455181,1.203264,Pare-Pare,-0.397929,11.965472,200,1198.0271147211004
Sulawesi,Gorontalo,0.62005,12.302368,Pare-Pare,-0.397929,11.965472,200,118.64534036359082
Sulawesi,Luwuk,-0.96424,12.278153,Pare-Pare,-0.397929,11.965472,200,71.64206944139138
Sulawesi,Mamuju,-0.268747,11.889864,Pare-Pare,-0.397929,11.965472,200,16.57938991858144
Sulawesi,Palopo,-0.300675,12.020264,Pare-Pare,-0.397929,11.965472,200,12.363074520325736
Sulawesi,Poso,-0.138101,12.076128,Pare-Pare,-0.397929,11.965472,200,31.2596204202152
Sulawesi,Amurang,0.125533,12.463187,Parigi,-0.81564,12.017009,50,115.31381181096671
Sulawesi,Barru,-0.440562,11.961877,Parigi,-0.81564,12.017009,50,41.92560734036423
Sulawesi,Belopa,-0.336284,12.036455,Parigi,-0.81564,12.017009,50,53.0486802071882
Sulawesi,Bitung,0.014711,12.515311,Parigi,-0.81564,12.017009,50,107.27016608496494
Sulawesi,Bulukumba,-0.525188,12.015831,Parigi,-0.81564,12.017009,50,32.11683208118006
Sulawesi,Gowa,-0.520514,11.946374,Parigi,-0.81564,12.017009,50,33.56720397789567
Sulawesi,Jeneponto,-0.570104,11.972147,Parigi,-0.81564,12.017009,50,27.605422170783335
Sulawesi,Kolaka,-0.407671,12.163507,Parigi,-0.81564,12.017009,50,47.967888961857284
Sulawesi,Kotamobagu,0.72119,12.430148,Parigi,-0.81564,12.017009,50,176.04699664777758
Sulawesi,Mangkutana,-0.252535,12.082405,Parigi,-0.81564,12.017009,50,62.68907248507196
Sulawesi,Marisa,0.48671,12.207034,Parigi,-0.81564,12.017009,50,145.55175753457073
Sulawesi,Pangkep,-0.481645,11.954193,Parigi,-0.81564,12.017009,50,37.58739052349408
Sulawesi,Polman,-0.342045,11.931694,Parigi,-0.81564,12.017009,50,53.22161802980495
Sulawesi,Sengkang,-0.414356,12.003914,Parigi,-0.81564,12.017009,50,44.395676675933295
Sulawesi,Sinjai,-0.512906,12.025357,Parigi,-0.81564,12.017009,50,33.487533702066116
Sulawesi,Takalar,-0.053974,11.943746,Parigi,-0.81564,12.017009,50,84.61465579789048
Sulawesi,Tomohon,0.129712,1.248362,Parigi,-0.81564,12.017009,50,1203.2744612064403
Sulawesi,Toraja,-0.030292,1.198819,Parigi,-0.81564,12.017009,50,1207.360346410779
Sulawesi,Unaaha,-0.403681,12.248113,Parigi,-0.81564,12.017009,50,52.31410085526893
Sulawesi,Kendari,-0.396513,12.250127,Parigi,-0.81564,12.017009,100,53.11485259284353
Sulawesi,Makassar,-0.510404,11.946298,Parigi,-0.81564,12.017009,100,34.65692273100562
Sulawesi,Manado,0.149518,12.486597,Parigi,-0.81564,12.017009,100,118.83589221469599
Sulawesi,Palu,-0.8232,11.988515,Parigi,-0.81564,12.017009,100,3.2799306529380545
Sulawesi,Bau-Bau,-0.548159,122.58,Parigi,-0.81564,12.017009,100,12306.539918179144
Sulawesi,Bone,-0.455181,1.203264,Parigi,-0.81564,12.017009,100,1204.3645720592758
Sulawesi,Gorontalo,0.62005,12.302368,Parigi,-0.81564,12.017009,100,161.89730179450214
Sulawesi,Luwuk,-0.96424,12.278153,Parigi,-0.81564,12.017009,100,33.38976396685903
Sulawesi,Mamuju,-0.268747,11.889864,Parigi,-0.81564,12.017009,100,62.106475150275585
Sulawesi,Palopo,-0.300675,12.020264,Parigi,-0.81564,12.017009,100,56.94309280469732
Sulawesi,Pare-Pare,-0.397929,11.965472,Parigi,-0.81564,12.017009,100,46.543044225404984
Sulawesi,Poso,-0.138101,12.076128,Parigi,-0.81564,12.017009,100,75.20691975209893
Kalimantan,Ampah - Teweh ,-0.935414,114.901123,Penajam-Grogot,-1.905754,116.197743,50,179.8133551800864
Kalimantan,Barabai,-2.581936,115.390569,Penajam-Grogot,-1.905754,116.197743,50,116.84120446385235
Kalimantan,Batulicin,-3.455801,11.599749,Penajam-Grogot,-1.905754,116.197743,50,11626.70400125645
Kalimantan,Bontang-Sangata,0.505968,117.532558,Penajam-Grogot,-1.905754,116.197743,50,305.26778131402557
Kalimantan,Ketapang,-0.015698,1.105215,Penajam-Grogot,-1.905754,116.197743,50,12810.313559961513
Kalimantan,Pangkalanbun ,-2.684718,111.631067,Penajam-Grogot,-1.905754,116.197743,50,515.202121388948
Kalimantan,Rantau,-2.934015,11.514198,Penajam-Grogot,-1.905754,116.197743,50,11639.03378707714
Kalimantan,Singkawang,0.906,1.089872,Penajam-Grogot,-1.905754,116.197743,50,12815.386440511087
Kalimantan,Sintang,-0.1378,1.128106,Penajam-Grogot,-1.905754,116.197743,50,12807.262966391532
Kalimantan,Balikpapan,-1.249963,116.868785,Penajam-Grogot,-1.905754,116.197743,100,104.0871771163504
Kalimantan,Banjarmasin,-3.330249,114.595582,Penajam-Grogot,-1.905754,116.197743,100,237.80882574260957
Kalimantan,Berau,2.138839,117.492022,Penajam-Grogot,-1.905754,116.197743,100,469.85580311818626
Kalimantan,Bontang,0.121456,117.484766,Penajam-Grogot,-1.905754,116.197743,100,266.01930381594997
Kalimantan,Palangkaraya,-2.218321,113.900455,Penajam-Grogot,-1.905754,116.197743,100,257.8945676982432
Kalimantan,Pontianak,-0.03109,1.093425,Penajam-Grogot,-1.905754,116.197743,100,12811.562310222618
Kalimantan,Samarinda,-0.502298,117.161801,Penajam-Grogot,-1.905754,116.197743,100,188.6653063800181
Kalimantan,Sampit,-2.538901,112.956601,Penajam-Grogot,-1.905754,116.197743,100,367.26555932529516
Kalimantan,Tarakan,0.334307,117.576925,Penajam-Grogot,-1.905754,116.197743,100,291.4040084125713
Sulawesi,Amurang,0.125533,12.463187,Polman,-0.342045,11.931694,50,78.57248721558253
Sulawesi,Barru,-0.440562,11.961877,Polman,-0.342045,11.931694,50,11.399827007871496
Sulawesi,Belopa,-0.336284,12.036455,Polman,-0.342045,11.931694,50,11.67912372339176
Sulawesi,Bitung,0.014711,12.515311,Polman,-0.342045,11.931694,50,76.00614673813126
Sulawesi,Bulukumba,-0.525188,12.015831,Polman,-0.342045,11.931694,50,22.311838902770866
Sulawesi,Gowa,-0.520514,11.946374,Polman,-0.342045,11.931694,50,19.801634768133177
Sulawesi,Jeneponto,-0.570104,11.972147,Polman,-0.342045,11.931694,50,25.6163741874659
Sulawesi,Kolaka,-0.407671,12.163507,Polman,-0.342045,11.931694,50,26.805650766822026
Sulawesi,Kotamobagu,0.72119,12.430148,Polman,-0.342045,11.931694,50,130.0024477045072
Sulawesi,Mangkutana,-0.252535,12.082405,Polman,-0.342045,11.931694,50,19.478787974182357
Sulawesi,Marisa,0.48671,12.207034,Polman,-0.342045,11.931694,50,96.62895409812275
Sulawesi,Pangkep,-0.481645,11.954193,Polman,-0.342045,11.931694,50,15.63803511047386
Sulawesi,Parigi,-0.81564,12.017009,Polman,-0.342045,11.931694,50,53.22161802980495
Sulawesi,Sengkang,-0.414356,12.003914,Polman,-0.342045,11.931694,50,11.338540893669656
Sulawesi,Sinjai,-0.512906,12.025357,Polman,-0.342045,11.931694,50,21.578824251485923
Sulawesi,Takalar,-0.053974,11.943746,Polman,-0.342045,11.931694,50,31.8814875972717
Sulawesi,Tomohon,0.129712,1.248362,Polman,-0.342045,11.931694,50,1190.4011899494215
Sulawesi,Toraja,-0.030292,1.198819,Polman,-0.342045,11.931694,50,1195.267624310779
Sulawesi,Unaaha,-0.403681,12.248113,Polman,-0.342045,11.931694,50,35.87616120048874
Sulawesi,Kendari,-0.396513,12.250127,Polman,-0.342045,11.931694,100,35.95508596390126
Sulawesi,Makassar,-0.510404,11.946298,Polman,-0.342045,11.931694,100,18.687031027472294
Sulawesi,Manado,0.149518,12.486597,Polman,-0.342045,11.931694,100,82.28042733973955
Sulawesi,Palu,-0.8232,11.988515,Polman,-0.342045,11.931694,100,53.57806656423878
Sulawesi,Bau-Bau,-0.548159,122.58,Polman,-0.342045,11.931694,100,12316.772478528106
Sulawesi,Bone,-0.455181,1.203264,Polman,-0.342045,11.931694,100,1194.3198977685436
Sulawesi,Gorontalo,0.62005,12.302368,Polman,-0.342045,11.931694,100,114.10497695924504
Sulawesi,Luwuk,-0.96424,12.278153,Polman,-0.342045,11.931694,100,78.87039479135207
Sulawesi,Mamuju,-0.268747,11.889864,Polman,-0.342045,11.931694,100,9.34726338023687
Sulawesi,Palopo,-0.300675,12.020264,Polman,-0.342045,11.931694,100,10.868932921082417
Sulawesi,Pare-Pare,-0.397929,11.965472,Polman,-0.342045,11.931694,100,7.233417293877553
Sulawesi,Poso,-0.138101,12.076128,Polman,-0.342045,11.931694,100,27.695731893971505
Kalimantan,Balikpapan,-1.249963,116.868785,Pontianak,-0.03109,1.093425,1000,12887.232231190803
Kalimantan,Banjarmasin,-3.330249,114.595582,Pontianak,-0.03109,1.093425,1000,12630.063511429164
Kalimantan,Berau,2.138839,117.492022,Pontianak,-0.03109,1.093425,1000,12955.354374160257
Kalimantan,Bontang,0.121456,117.484766,Pontianak,-0.03109,1.093425,1000,12956.625318498338
Kalimantan,Palangkaraya,-2.218321,113.900455,Pontianak,-0.03109,1.093425,1000,12555.449837430948
Kalimantan,Samarinda,-0.502298,117.161801,Pontianak,-0.03109,1.093425,1000,12920.517742572458
Kalimantan,Sampit,-2.538901,112.956601,Pontianak,-0.03109,1.093425,1000,12449.853260581154
Kalimantan,Tarakan,0.334307,117.576925,Pontianak,-0.03109,1.093425,1000,12966.851376279017
Sulawesi,Kendari,-0.396513,12.250127,Poso,-0.138101,12.076128,500,34.519934259371055
Sulawesi,Makassar,-0.510404,11.946298,Poso,-0.138101,12.076128,500,43.63031890696984
Sulawesi,Manado,0.149518,12.486597,Poso,-0.138101,12.076128,500,55.67146229354983
Sulawesi,Palu,-0.8232,11.988515,Poso,-0.138101,12.076128,500,76.37958671922512
Sulawesi,Bau-Bau,-0.548159,122.58,Poso,-0.138101,12.076128,200,12300.96173118423
Sulawesi,Bone,-0.455181,1.203264,Poso,-0.138101,12.076128,200,1210.8516972189589
Sulawesi,Gorontalo,0.62005,12.302368,Poso,-0.138101,12.076128,200,87.53324138444684
Sulawesi,Luwuk,-0.96424,12.278153,Poso,-0.138101,12.076128,200,94.07711933542318
Sulawesi,Mamuju,-0.268747,11.889864,Poso,-0.138101,12.076128,200,25.270860843360627
Sulawesi,Palopo,-0.300675,12.020264,Poso,-0.138101,12.076128,200,19.021751311348744
Sulawesi,Pare-Pare,-0.397929,11.965472,Poso,-0.138101,12.076128,200,31.2596204202152
Kalimantan,Ampah - Teweh ,-0.935414,114.901123,Rantau,-2.934015,11.514198,50,11501.320897339781
Kalimantan,Barabai,-2.581936,115.390569,Rantau,-2.934015,11.514198,50,11544.730299014436
Kalimantan,Batulicin,-3.455801,11.599749,Rantau,-2.934015,11.514198,50,58.47619684328281
Kalimantan,Bontang-Sangata,0.505968,117.532558,Rantau,-2.934015,11.514198,50,11802.38022133925
Kalimantan,Ketapang,-0.015698,1.105215,Rantau,-2.934015,11.514198,50,1202.3288293975115
Kalimantan,Pangkalanbun ,-2.684718,111.631067,Rantau,-2.934015,11.514198,50,11126.765306410316
Kalimantan,Penajam-Grogot,-1.905754,116.197743,Rantau,-2.934015,11.514198,50,11639.03378707714
Kalimantan,Singkawang,0.906,1.089872,Rantau,-2.934015,11.514198,50,1235.3021567528986
Kalimantan,Sintang,-0.1378,1.128106,Rantau,-2.934015,11.514198,50,1196.2937112574791
Kalimantan,Balikpapan,-1.249963,116.868785,Rantau,-2.934015,11.514198,100,11717.947324343078
Kalimantan,Banjarmasin,-3.330249,114.595582,Rantau,-2.934015,11.514198,100,11451.156406254428
Kalimantan,Berau,2.138839,117.492022,Rantau,-2.934015,11.514198,100,11806.255556265578
Kalimantan,Bontang,0.121456,117.484766,Rantau,-2.934015,11.514198,100,11794.874892467127
Kalimantan,Palangkaraya,-2.218321,113.900455,Rantau,-2.934015,11.514198,100,11381.82730048667
Kalimantan,Pontianak,-0.03109,1.093425,Rantau,-2.934015,11.514198,100,1203.1348393350293
Kalimantan,Samarinda,-0.502298,117.161801,Rantau,-2.934015,11.514198,100,11755.247069208957
Kalimantan,Sampit,-2.538901,112.956601,Rantau,-2.934015,11.514198,100,11274.87849493547
Kalimantan,Tarakan,0.334307,117.576925,Rantau,-2.934015,11.514198,100,11806.343977946986
Kalimantan,Balikpapan,-1.249963,116.868785,Samarinda,-0.502298,117.161801,1000,88.87337239275861
Kalimantan,Banjarmasin,-3.330249,114.595582,Samarinda,-0.502298,117.161801,1000,423.4186305032907
Kalimantan,Berau,2.138839,117.492022,Samarinda,-0.502298,117.161801,1000,294.34649727720716
Kalimantan,Bontang,0.121456,117.484766,Samarinda,-0.502298,117.161801,1000,77.77893070213044
Kalimantan,Palangkaraya,-2.218321,113.900455,Samarinda,-0.502298,117.161801,1000,409.5454343496073
Kalimantan,Pontianak,-0.03109,1.093425,Samarinda,-0.502298,117.161801,1000,12920.517742572458
Kalimantan,Sampit,-2.538901,112.956601,Samarinda,-0.502298,117.161801,1000,519.3021537584655
Kalimantan,Tarakan,0.334307,117.576925,Samarinda,-0.502298,117.161801,1000,103.40695106011368
Kalimantan,Balikpapan,-1.249963,116.868785,Sampit,-2.538901,112.956601,1000,457.997522905023
Kalimantan,Banjarmasin,-3.330249,114.595582,Sampit,-2.538901,112.956601,1000,202.13394006883573
Kalimantan,Berau,2.138839,117.492022,Sampit,-2.538901,112.956601,1000,722.7023707579852
Kalimantan,Bontang,0.121456,117.484766,Sampit,-2.538901,112.956601,1000,583.4956633532341
Kalimantan,Palangkaraya,-2.218321,113.900455,Sampit,-2.538901,112.956601,1000,110.80274116727983
Kalimantan,Pontianak,-0.03109,1.093425,Sampit,-2.538901,112.956601,1000,12449.853260581154
Kalimantan,Samarinda,-0.502298,117.161801,Sampit,-2.538901,112.956601,1000,519.3021537584655
Kalimantan,Tarakan,0.334307,117.576925,Sampit,-2.538901,112.956601,1000,604.4182440001989
Sulawesi,Amurang,0.125533,12.463187,Sengkang,-0.414356,12.003914,50,78.59814510586713
Sulawesi,Barru,-0.440562,11.961877,Sengkang,-0.414356,12.003914,50,5.503961221605779
Sulawesi,Belopa,-0.336284,12.036455,Sengkang,-0.414356,12.003914,50,9.361948830341479
Sulawesi,Bitung,0.014711,12.515311,Sengkang,-0.414356,12.003914,50,74.10605219969577
Sulawesi,Bulukumba,-0.525188,12.015831,Sengkang,-0.414356,12.003914,50,12.32676293120679
Sulawesi,Gowa,-0.520514,11.946374,Sengkang,-0.414356,12.003914,50,13.372148267077566
Sulawesi,Jeneponto,-0.570104,11.972147,Sengkang,-0.414356,12.003914,50,17.581028375681086
Sulawesi,Kolaka,-0.407671,12.163507,Sengkang,-0.414356,12.003914,50,17.78072905611018
Sulawesi,Kotamobagu,0.72119,12.430148,Sengkang,-0.414356,12.003914,50,134.22783134841094
Sulawesi,Mangkutana,-0.252535,12.082405,Sengkang,-0.414356,12.003914,50,19.912581672502764
Sulawesi,Marisa,0.48671,12.207034,Sengkang,-0.414356,12.003914,50,102.16818523464313
Sulawesi,Pangkep,-0.481645,11.954193,Sengkang,-0.414356,12.003914,50,9.273270121612395
Sulawesi,Parigi,-0.81564,12.017009,Sengkang,-0.414356,12.003914,50,44.395676675933295
Sulawesi,Polman,-0.342045,11.931694,Sengkang,-0.414356,12.003914,50,11.338540893669656
Sulawesi,Sinjai,-0.512906,12.025357,Sengkang,-0.414356,12.003914,50,11.155462538540286
Sulawesi,Takalar,-0.053974,11.943746,Sengkang,-0.414356,12.003914,50,40.40794878643171
Sulawesi,Tomohon,0.129712,1.248362,Sengkang,-0.414356,12.003914,50,1198.804883183027
Sulawesi,Toraja,-0.030292,1.198819,Sengkang,-0.414356,12.003914,50,1203.555884154821
Sulawesi,Unaaha,-0.403681,12.248113,Sengkang,-0.414356,12.003914,50,27.209035934590318
Sulawesi,Kendari,-0.396513,12.250127,Sengkang,-0.414356,12.003914,100,27.478546156166857
Sulawesi,Makassar,-0.510404,11.946298,Sengkang,-0.414356,12.003914,100,12.406764447903786
Sulawesi,Manado,0.149518,12.486597,Sengkang,-0.414356,12.003914,100,82.30802262691137
Sulawesi,Palu,-0.8232,11.988515,Sengkang,-0.414356,12.003914,100,45.24016865910801
Sulawesi,Bau-Bau,-0.548159,122.58,Sengkang,-0.414356,12.003914,100,12308.631989262876
Sulawesi,Bone,-0.455181,1.203264,Sengkang,-0.414356,12.003914,100,1202.296821788682
Sulawesi,Gorontalo,0.62005,12.302368,Sengkang,-0.414356,12.003914,100,119.10616178987584
Sulawesi,Luwuk,-0.96424,12.278153,Sengkang,-0.414356,12.003914,100,68.03562138758544
Sulawesi,Mamuju,-0.268747,11.889864,Sengkang,-0.414356,12.003914,100,20.503954620549514
Sulawesi,Palopo,-0.300675,12.020264,Sengkang,-0.414356,12.003914,100,12.701277378866187
Sulawesi,Pare-Pare,-0.397929,11.965472,Sengkang,-0.414356,12.003914,100,4.648784279060823
Sulawesi,Poso,-0.138101,12.076128,Sengkang,-0.414356,12.003914,100,31.58674160897906
Kalimantan,Ampah - Teweh ,-0.935414,114.901123,Singkawang,0.906,1.089872,50,12670.464740262143
Kalimantan,Barabai,-2.581936,115.390569,Singkawang,0.906,1.089872,50,12725.53671635498
Kalimantan,Batulicin,-3.455801,11.599749,Singkawang,0.906,1.089872,50,1264.9429815548208
Kalimantan,Bontang-Sangata,0.505968,117.532558,Singkawang,0.906,1.089872,50,12960.828668004067
Kalimantan,Ketapang,-0.015698,1.105215,Singkawang,0.906,1.089872,50,101.93048220370802
Kalimantan,Pangkalanbun ,-2.684718,111.631067,Singkawang,0.906,1.089872,50,12307.446415508275
Kalimantan,Penajam-Grogot,-1.905754,116.197743,Singkawang,0.906,1.089872,50,12815.386440511087
Kalimantan,Rantau,-2.934015,11.514198,Singkawang,0.906,1.089872,50,1235.3021567528986
Kalimantan,Sintang,-0.1378,1.128106,Singkawang,0.906,1.089872,50,115.49595752211661
Kalimantan,Balikpapan,-1.249963,116.868785,Singkawang,0.906,1.089872,100,12889.75028212877
Kalimantan,Banjarmasin,-3.330249,114.595582,Singkawang,0.906,1.089872,100,12636.669736878455
Kalimantan,Berau,2.138839,117.492022,Singkawang,0.906,1.089872,100,12951.035748324137
Kalimantan,Bontang,0.121456,117.484766,Singkawang,0.906,1.089872,100,12956.37758941464
Kalimantan,Palangkaraya,-2.218321,113.900455,Singkawang,0.906,1.089872,100,12559.855973036396
Kalimantan,Pontianak,-0.03109,1.093425,Singkawang,0.906,1.089872,100,103.61888677129849
Kalimantan,Samarinda,-0.502298,117.161801,Singkawang,0.906,1.089872,100,12921.53205138026
Kalimantan,Sampit,-2.538901,112.956601,Singkawang,0.906,1.089872,100,12454.868332255697
Kalimantan,Tarakan,0.334307,117.576925,Singkawang,0.906,1.089872,100,12966.171788367536
Sulawesi,Amurang,0.125533,12.463187,Sinjai,-0.512906,12.025357,50,85.78511705077773
Sulawesi,Barru,-0.440562,11.961877,Sinjai,-0.512906,12.025357,50,10.67347664916156
Sulawesi,Belopa,-0.336284,12.036455,Sinjai,-0.512906,12.025357,50,19.568894834261442
Sulawesi,Bitung,0.014711,12.515311,Sinjai,-0.512906,12.025357,50,79.86456942054033
Sulawesi,Bulukumba,-0.525188,12.015831,Sinjai,-0.512906,12.025357,50,1.7230162499988082
Sulawesi,Gowa,-0.520514,11.946374,Sinjai,-0.512906,12.025357,50,8.832147410857862
Sulawesi,Jeneponto,-0.570104,11.972147,Sinjai,-0.512906,12.025357,50,8.665071885527604
Sulawesi,Kolaka,-0.407671,12.163507,Sinjai,-0.512906,12.025357,50,19.284583533982534
Sulawesi,Kotamobagu,0.72119,12.430148,Sinjai,-0.512906,12.025357,50,143.7065380772077
Sulawesi,Mangkutana,-0.252535,12.082405,Sinjai,-0.512906,12.025357,50,29.48239866894537
Sulawesi,Marisa,0.48671,12.207034,Sinjai,-0.512906,12.025357,50,112.36679229183129
Sulawesi,Pangkep,-0.481645,11.954193,Sinjai,-0.512906,12.025357,50,8.64297248745308
Sulawesi,Parigi,-0.81564,12.017009,Sinjai,-0.512906,12.025357,50,33.487533702066116
Sulawesi,Polman,-0.342045,11.931694,Sinjai,-0.512906,12.025357,50,21.578824251485923
Sulawesi,Sengkang,-0.414356,12.003914,Sinjai,-0.512906,12.025357,50,11.155462538540286
Sulawesi,Takalar,-0.053974,11.943746,Sinjai,-0.512906,12.025357,50,51.55286989933351
Sulawesi,Tomohon,0.129712,1.248362,Sinjai,-0.512906,12.025357,50,1201.7791804068152
Sulawesi,Toraja,-0.030292,1.198819,Sinjai,-0.512906,12.025357,50,1206.3685592821303
Sulawesi,Unaaha,-0.403681,12.248113,Sinjai,-0.512906,12.025357,50,27.581184436928023
Sulawesi,Kendari,-0.396513,12.250127,Sinjai,-0.512906,12.025357,100,28.136526536063137
Sulawesi,Makassar,-0.510404,11.946298,Sinjai,-0.512906,12.025357,100,8.804806571810156
Sulawesi,Manado,0.149518,12.486597,Sinjai,-0.512906,12.025357,100,89.45047197077147
Sulawesi,Palu,-0.8232,11.988515,Sinjai,-0.512906,12.025357,100,34.554794688317166
Sulawesi,Bau-Bau,-0.548159,122.58,Sinjai,-0.512906,12.025357,100,12306.100393241317
Sulawesi,Bone,-0.455181,1.203264,Sinjai,-0.512906,12.025357,100,1204.6839100811355
Sulawesi,Gorontalo,0.62005,12.302368,Sinjai,-0.512906,12.025357,100,129.0151379716499
Sulawesi,Luwuk,-0.96424,12.278153,Sinjai,-0.512906,12.025357,100,57.29221949410461
Sulawesi,Mamuju,-0.268747,11.889864,Sinjai,-0.512906,12.025357,100,30.92512158782859
Sulawesi,Palopo,-0.300675,12.020264,Sinjai,-0.512906,12.025357,100,23.474148448438957
Sulawesi,Pare-Pare,-0.397929,11.965472,Sinjai,-0.512906,12.025357,100,14.35516998444588
Sulawesi,Poso,-0.138101,12.076128,Sinjai,-0.512906,12.025357,100,41.82739309521671
Kalimantan,Ampah - Teweh ,-0.935414,114.901123,Sintang,-0.1378,1.128106,50,12664.497042729785
Kalimantan,Barabai,-2.581936,115.390569,Sintang,-0.1378,1.128106,50,12715.937559740238
Kalimantan,Batulicin,-3.455801,11.599749,Sintang,-0.1378,1.128106,50,1221.3726878408327
Kalimantan,Bontang-Sangata,0.505968,117.532558,Sintang,-0.1378,1.128106,50,12958.1009933114
Kalimantan,Ketapang,-0.015698,1.105215,Sintang,-0.1378,1.128106,50,13.739708104665398
Kalimantan,Pangkalanbun ,-2.684718,111.631067,Sintang,-0.1378,1.128106,50,12297.722482810992
Kalimantan,Penajam-Grogot,-1.905754,116.197743,Sintang,-0.1378,1.128106,50,12807.262966391532
Kalimantan,Rantau,-2.934015,11.514198,Sintang,-0.1378,1.128106,50,1196.2937112574791
Kalimantan,Singkawang,0.906,1.089872,Sintang,-0.1378,1.128106,50,115.49595752211661
Kalimantan,Balikpapan,-1.249963,116.868785,Sintang,-0.1378,1.128106,100,12883.0785053892
Kalimantan,Banjarmasin,-3.330249,114.595582,Sintang,-0.1378,1.128106,100,12625.456348094103
Kalimantan,Berau,2.138839,117.492022,Sintang,-0.1378,1.128106,100,12951.979721060492
Kalimantan,Bontang,0.121456,117.484766,Sintang,-0.1378,1.128106,100,12952.78383655638
Kalimantan,Palangkaraya,-2.218321,113.900455,Sintang,-0.1378,1.128106,100,12551.090219573585
Kalimantan,Pontianak,-0.03109,1.093425,Sintang,-0.1378,1.128106,100,12.41491620456176
Kalimantan,Samarinda,-0.502298,117.161801,Sintang,-0.1378,1.128106,100,12916.533534289605
Kalimantan,Sampit,-2.538901,112.956601,Sintang,-0.1378,1.128106,100,12445.427402647545
Kalimantan,Tarakan,0.334307,117.576925,Sintang,-0.1378,1.128106,100,12963.058910462114
Bali Nusra,Denpasar,-0.863955,11.520248,Sumbawa,-0.847856,11.740717,500,24.604258520886034
Bali Nusra,Lombok,-0.859373,11.615876,Sumbawa,-0.847856,11.740717,500,13.953937562395057
Bali Nusra,BIMA,-0.837759,11.872564,Sumbawa,-0.847856,11.740717,200,14.717971171588037
Bali Nusra,Kupang,-1.018017,12.354942,Sumbawa,-0.847856,11.740717,200,70.90809292711371
Bali Nusra,Maumere,-0.863907,12.227671,Sumbawa,-0.847856,11.740717,200,54.230514432428556
Sulawesi,Amurang,0.125533,12.463187,Takalar,-0.053974,11.943746,50,61.13572928655286
Sulawesi,Barru,-0.440562,11.961877,Takalar,-0.053974,11.943746,50,42.79431913122829
Sulawesi,Belopa,-0.336284,12.036455,Takalar,-0.053974,11.943746,50,32.87796270663233
Sulawesi,Bitung,0.014711,12.515311,Takalar,-0.053974,11.943746,50,64.07799268418678
Sulawesi,Bulukumba,-0.525188,12.015831,Takalar,-0.053974,11.943746,50,52.718439531296774
Sulawesi,Gowa,-0.520514,11.946374,Takalar,-0.053974,11.943746,50,51.588167998446096
Sulawesi,Jeneponto,-0.570104,11.972147,Takalar,-0.053974,11.943746,50,57.15822381712426
Sulawesi,Kolaka,-0.407671,12.163507,Takalar,-0.053974,11.943746,50,46.13064570004724
Sulawesi,Kotamobagu,0.72119,12.430148,Takalar,-0.053974,11.943746,50,101.38248470605099
Sulawesi,Mangkutana,-0.252535,12.082405,Takalar,-0.053974,11.943746,50,26.838511669693947
Sulawesi,Marisa,0.48671,12.207034,Takalar,-0.053974,11.943746,50,66.58333500056449
Sulawesi,Pangkep,-0.481645,11.954193,Takalar,-0.053974,11.943746,50,47.30372101022038
Sulawesi,Parigi,-0.81564,12.017009,Takalar,-0.053974,11.943746,50,84.61465579789048
Sulawesi,Polman,-0.342045,11.931694,Takalar,-0.053974,11.943746,50,31.8814875972717
Sulawesi,Sengkang,-0.414356,12.003914,Takalar,-0.053974,11.943746,50,40.40794878643171
Sulawesi,Sinjai,-0.512906,12.025357,Takalar,-0.053974,11.943746,50,51.55286989933351
Sulawesi,Tomohon,0.129712,1.248362,Takalar,-0.053974,11.943746,50,1190.7771682118748
Sulawesi,Toraja,-0.030292,1.198819,Takalar,-0.053974,11.943746,50,1196.1223380196006
Sulawesi,Unaaha,-0.403681,12.248113,Takalar,-0.053974,11.943746,50,51.41233186827068
Sulawesi,Kendari,-0.396513,12.250127,Takalar,-0.053974,11.943746,100,50.968637937627754
Sulawesi,Makassar,-0.510404,11.946298,Takalar,-0.053974,11.943746,100,50.470231206014255
Sulawesi,Manado,0.149518,12.486597,Takalar,-0.053974,11.943746,100,64.48302293748974
Sulawesi,Palu,-0.8232,11.988515,Takalar,-0.053974,11.943746,100,85.20253702460191
Sulawesi,Bau-Bau,-0.548159,122.58,Takalar,-0.053974,11.943746,100,12315.79845160161
Sulawesi,Bone,-0.455181,1.203264,Takalar,-0.053974,11.943746,100,1196.4335671267431
Sulawesi,Gorontalo,0.62005,12.302368,Takalar,-0.053974,11.943746,100,84.54798198455204
Sulawesi,Luwuk,-0.96424,12.278153,Takalar,-0.053974,11.943746,100,107.31488669296144
Sulawesi,Mamuju,-0.268747,11.889864,Takalar,-0.053974,11.943746,100,24.494126037746422
Sulawesi,Palopo,-0.300675,12.020264,Takalar,-0.053974,11.943746,100,28.57773307203764
Sulawesi,Pare-Pare,-0.397929,11.965472,Takalar,-0.053974,11.943746,100,38.10940132686529
Sulawesi,Poso,-0.138101,12.076128,Takalar,-0.053974,11.943746,100,17.427049266738834
Kalimantan,Balikpapan,-1.249963,116.868785,Tarakan,0.334307,117.576925,1000,192.09707455752587
Kalimantan,Banjarmasin,-3.330249,114.595582,Tarakan,0.334307,117.576925,1000,523.6680471573925
Kalimantan,Berau,2.138839,117.492022,Tarakan,0.334307,117.576925,1000,199.75951034030567
Kalimantan,Bontang,0.121456,117.484766,Tarakan,0.334307,117.576925,1000,25.674567405334574
Kalimantan,Palangkaraya,-2.218321,113.900455,Tarakan,0.334307,117.576925,1000,497.0835639031088
Kalimantan,Pontianak,-0.03109,1.093425,Tarakan,0.334307,117.576925,1000,12966.851376279017
Kalimantan,Samarinda,-0.502298,117.161801,Tarakan,0.334307,117.576925,1000,103.40695106011368
Kalimantan,Sampit,-2.538901,112.956601,Tarakan,0.334307,117.576925,1000,604.4182440001989
Sulawesi,Amurang,0.125533,12.463187,Tomohon,0.129712,1.248362,50,1248.425607374438
Sulawesi,Barru,-0.440562,11.961877,Tomohon,0.129712,1.248362,50,1194.2796452684809
Sulawesi,Belopa,-0.336284,12.036455,Tomohon,0.129712,1.248362,50,1202.0247007061819
Sulawesi,Bitung,0.014711,12.515311,Tomohon,0.129712,1.248362,50,1254.2942839570048
Sulawesi,Bulukumba,-0.525188,12.015831,Tomohon,0.129712,1.248362,50,1200.801078946936
Sulawesi,Gowa,-0.520514,11.946374,Tomohon,0.129712,1.248362,50,1193.0524121467465
Sulawesi,Jeneponto,-0.570104,11.972147,Tomohon,0.129712,1.248362,50,1196.255528544222
Sulawesi,Kolaka,-0.407671,12.163507,Tomohon,0.129712,1.248362,50,1216.5124696895568
Sulawesi,Kotamobagu,0.72119,12.430148,Tomohon,0.129712,1.248362,50,1246.428102876805
Sulawesi,Mangkutana,-0.252535,12.082405,Tomohon,0.129712,1.248362,50,1206.7776470381093
Sulawesi,Marisa,0.48671,12.207034,Tomohon,0.129712,1.248362,50,1220.5327588902826
Sulawesi,Pangkep,-0.481645,11.954193,Tomohon,0.129712,1.248362,50,1193.672155602214
Sulawesi,Parigi,-0.81564,12.017009,Tomohon,0.129712,1.248362,50,1203.2744612064403
Sulawesi,Polman,-0.342045,11.931694,Tomohon,0.129712,1.248362,50,1190.4011899494215
Sulawesi,Sengkang,-0.414356,12.003914,Tomohon,0.129712,1.248362,50,1198.804883183027
Sulawesi,Sinjai,-0.512906,12.025357,Tomohon,0.129712,1.248362,50,1201.7791804068152
Sulawesi,Takalar,-0.053974,11.943746,Tomohon,0.129712,1.248362,50,1190.7771682118748
Sulawesi,Toraja,-0.030292,1.198819,Tomohon,0.129712,1.248362,50,18.531991954657162
Sulawesi,Unaaha,-0.403681,12.248113,Tomohon,0.129712,1.248362,50,1225.8984113650959
Sulawesi,Kendari,-0.396513,12.250127,Tomohon,0.129712,1.248362,100,1226.084774628134
Sulawesi,Makassar,-0.510404,11.946298,Tomohon,0.129712,1.248362,100,1192.9776664162073
Sulawesi,Manado,0.149518,12.486597,Tomohon,0.129712,1.248362,100,1251.032807113583
Sulawesi,Palu,-0.8232,11.988515,Tomohon,0.129712,1.248362,100,1200.187053378873
Sulawesi,Bau-Bau,-0.548159,122.58,Tomohon,0.129712,1.248362,100,13506.548209125333
Sulawesi,Bone,-0.455181,1.203264,Tomohon,0.129712,1.248362,100,64.86868311557348
Sulawesi,Gorontalo,0.62005,12.302368,Tomohon,0.129712,1.248362,100,1231.690271354661
Sulawesi,Luwuk,-0.96424,12.278153,Tomohon,0.129712,1.248362,100,1233.7240933059502
Sulawesi,Mamuju,-0.268747,11.889864,Tomohon,0.129712,1.248362,100,1185.4224154489254
Sulawesi,Palopo,-0.300675,12.020264,Tomohon,0.129712,1.248362,100,1200.062495581806
Sulawesi,Pare-Pare,-0.397929,11.965472,Tomohon,0.129712,1.248362,100,1194.4415532193664
Sulawesi,Poso,-0.138101,12.076128,Tomohon,0.129712,1.248362,100,1205.7040230354849
Sulawesi,Amurang,0.125533,12.463187,Toraja,-0.030292,1.198819,50,1254.0612675807695
Sulawesi,Barru,-0.440562,11.961877,Toraja,-0.030292,1.198819,50,1198.9840541300746
Sulawesi,Belopa,-0.336284,12.036455,Toraja,-0.030292,1.198819,50,1206.906907887011
Sulawesi,Bitung,0.014711,12.515311,Toraja,-0.030292,1.198819,50,1259.755911469794
Sulawesi,Bulukumba,-0.525188,12.015831,Toraja,-0.030292,1.198819,50,1205.369277741338
Sulawesi,Gowa,-0.520514,11.946374,Toraja,-0.030292,1.198819,50,1197.6222987502588
Sulawesi,Jeneponto,-0.570104,11.972147,Toraja,-0.030292,1.198819,50,1200.7450824573607
Sulawesi,Kolaka,-0.407671,12.163507,Toraja,-0.030292,1.198819,50,1221.2854980748853
Sulawesi,Kotamobagu,0.72119,12.430148,Toraja,-0.030292,1.198819,50,1252.992597697147
Sulawesi,Mangkutana,-0.252535,12.082405,Toraja,-0.030292,1.198819,50,1211.8000200540187
Sulawesi,Marisa,0.48671,12.207034,Toraja,-0.030292,1.198819,50,1226.7478050744764
Sulawesi,Pangkep,-0.481645,11.954193,Toraja,-0.030292,1.198819,50,1198.3075323180904
Sulawesi,Parigi,-0.81564,12.017009,Toraja,-0.030292,1.198819,50,1207.360346410779
Sulawesi,Polman,-0.342045,11.931694,Toraja,-0.030292,1.198819,50,1195.267624310779
Sulawesi,Sengkang,-0.414356,12.003914,Toraja,-0.030292,1.198819,50,1203.555884154821
Sulawesi,Sinjai,-0.512906,12.025357,Toraja,-0.030292,1.198819,50,1206.3685592821303
Sulawesi,Takalar,-0.053974,11.943746,Toraja,-0.030292,1.198819,50,1196.1223380196006
Sulawesi,Tomohon,0.129712,1.248362,Toraja,-0.030292,1.198819,50,18.531991954657162
Sulawesi,Unaaha,-0.403681,12.248113,Toraja,-0.030292,1.198819,50,1230.6835804800523
Sulawesi,Kendari,-0.396513,12.250127,Toraja,-0.030292,1.198819,100,1230.881689365549
Sulawesi,Makassar,-0.510404,11.946298,Toraja,-0.030292,1.198819,100,1197.5644179395563
Sulawesi,Manado,0.149518,12.486597,Toraja,-0.030292,1.198819,100,1256.7057982476822
Sulawesi,Palu,-0.8232,11.988515,Toraja,-0.030292,1.198819,100,1204.256564251517
Sulawesi,Bau-Bau,-0.548159,122.58,Toraja,-0.030292,1.198819,100,13511.874046413192
Sulawesi,Bone,-0.455181,1.203264,Toraja,-0.030292,1.198819,100,46.98440968950581
Sulawesi,Gorontalo,0.62005,12.302368,Toraja,-0.030292,1.198819,100,1238.1086282000988
Sulawesi,Luwuk,-0.96424,12.278153,Toraja,-0.030292,1.198819,100,1237.6021588092935
Sulawesi,Mamuju,-0.268747,11.889864,Toraja,-0.030292,1.198819,100,1190.4088387067468
Sulawesi,Palopo,-0.300675,12.020264,Toraja,-0.030292,1.198819,100,1205.0025807125187
Sulawesi,Pare-Pare,-0.397929,11.965472,Toraja,-0.030292,1.198819,100,1199.2171462857905
Sulawesi,Poso,-0.138101,12.076128,Toraja,-0.030292,1.198819,100,1210.913698353493
Sulawesi,Amurang,0.125533,12.463187,Unaaha,-0.403681,12.248113,50,63.225801160492004
Sulawesi,Barru,-0.440562,11.961877,Unaaha,-0.403681,12.248113,50,32.122701985335375
Sulawesi,Belopa,-0.336284,12.036455,Unaaha,-0.403681,12.248113,50,24.711672009496166
Sulawesi,Bitung,0.014711,12.515311,Unaaha,-0.403681,12.248113,50,55.000129183085804
Sulawesi,Bulukumba,-0.525188,12.015831,Unaaha,-0.403681,12.248113,50,29.139000438353154
Sulawesi,Gowa,-0.520514,11.946374,Unaaha,-0.403681,12.248113,50,35.987085255569355
Sulawesi,Jeneponto,-0.570104,11.972147,Unaaha,-0.403681,12.248113,50,35.80938663497834
Sulawesi,Kolaka,-0.407671,12.163507,Unaaha,-0.403681,12.248113,50,9.428390543450387
Sulawesi,Kotamobagu,0.72119,12.430148,Unaaha,-0.403681,12.248113,50,126.02166012807452
Sulawesi,Mangkutana,-0.252535,12.082405,Unaaha,-0.403681,12.248113,50,24.891425337482087
Sulawesi,Marisa,0.48671,12.207034,Unaaha,-0.403681,12.248113,50,98.56049925831566
Sulawesi,Pangkep,-0.481645,11.954193,Unaaha,-0.403681,12.248113,50,33.8347372903573
Sulawesi,Parigi,-0.81564,12.017009,Unaaha,-0.403681,12.248113,50,52.31410085526893
Sulawesi,Polman,-0.342045,11.931694,Unaaha,-0.403681,12.248113,50,35.87616120048874
Sulawesi,Sengkang,-0.414356,12.003914,Unaaha,-0.403681,12.248113,50,27.209035934590318
Sulawesi,Sinjai,-0.512906,12.025357,Unaaha,-0.403681,12.248113,50,27.581184436928023
Sulawesi,Takalar,-0.053974,11.943746,Unaaha,-0.403681,12.248113,50,51.41233186827068
Sulawesi,Tomohon,0.129712,1.248362,Unaaha,-0.403681,12.248113,50,1225.8984113650959
Sulawesi,Toraja,-0.030292,1.198819,Unaaha,-0.403681,12.248113,50,1230.6835804800523
Sulawesi,Kendari,-0.396513,12.250127,Unaaha,-0.403681,12.248113,100,0.8236939643236486
Sulawesi,Makassar,-0.510404,11.946298,Unaaha,-0.403681,12.248113,100,35.609074395433275
Sulawesi,Manado,0.149518,12.486597,Unaaha,-0.403681,12.248113,100,66.68209177285158
Sulawesi,Palu,-0.8232,11.988515,Unaaha,-0.403681,12.248113,100,54.65223258451248
Sulawesi,Bau-Bau,-0.548159,122.58,Unaaha,-0.403681,12.248113,100,12281.466068419606
Sulawesi,Bone,-0.455181,1.203264,Unaaha,-0.403681,12.248113,100,1229.485703558333
Sulawesi,Gorontalo,0.62005,12.302368,Unaaha,-0.403681,12.248113,100,113.35934982642954
Sulawesi,Luwuk,-0.96424,12.278153,Unaaha,-0.403681,12.248113,100,62.073626285490974
Sulawesi,Mamuju,-0.268747,11.889864,Unaaha,-0.403681,12.248113,100,42.57910695707942
Sulawesi,Palopo,-0.300675,12.020264,Unaaha,-0.403681,12.248113,100,27.80355908210333
Sulawesi,Pare-Pare,-0.397929,11.965472,Unaaha,-0.403681,12.248113,100,31.469115509732198
Sulawesi,Poso,-0.138101,12.076128,Unaaha,-0.403681,12.248113,100,35.05586969379578
